lat,lon,z,time,anom
-87.5,2.5,0.0,2020-12-01,
-87.5,7.5,0.0,2020-12-01,
-87.5,12.5,0.0,2020-12-01,
-87.5,17.5,0.0,2020-12-01,
-87.5,22.5,0.0,2020-12-01,
-87.5,27.5,0.0,2020-12-01,
-87.5,32.5,0.0,2020-12-01,
-87.5,37.5,0.0,2020-12-01,
-87.5,42.5,0.0,2020-12-01,
-87.5,47.5,0.0,2020-12-01,
-87.5,52.5,0.0,2020-12-01,
-87.5,57.5,0.0,2020-12-01,
-87.5,62.5,0.0,2020-12-01,
-87.5,67.5,0.0,2020-12-01,
-87.5,72.5,0.0,2020-12-01,
-87.5,77.5,0.0,2020-12-01,
-87.5,82.5,0.0,2020-12-01,
-87.5,87.5,0.0,2020-12-01,-1.14
-87.5,92.5,0.0,2020-12-01,
-87.5,97.5,0.0,2020-12-01,
-87.5,102.5,0.0,2020-12-01,
-87.5,107.5,0.0,2020-12-01,
-87.5,112.5,0.0,2020-12-01,
-87.5,117.5,0.0,2020-12-01,
-87.5,122.5,0.0,2020-12-01,
-87.5,127.5,0.0,2020-12-01,
-87.5,132.5,0.0,2020-12-01,
-87.5,137.5,0.0,2020-12-01,
-87.5,142.5,0.0,2020-12-01,
-87.5,147.5,0.0,2020-12-01,
-87.5,152.5,0.0,2020-12-01,
-87.5,157.5,0.0,2020-12-01,
-87.5,162.5,0.0,2020-12-01,
-87.5,167.5,0.0,2020-12-01,
-87.5,172.5,0.0,2020-12-01,
-87.5,177.5,0.0,2020-12-01,
-87.5,182.5,0.0,2020-12-01,
-87.5,187.5,0.0,2020-12-01,
-87.5,192.5,0.0,2020-12-01,
-87.5,197.5,0.0,2020-12-01,
-87.5,202.5,0.0,2020-12-01,
-87.5,207.5,0.0,2020-12-01,
-87.5,212.5,0.0,2020-12-01,
-87.5,217.5,0.0,2020-12-01,
-87.5,222.5,0.0,2020-12-01,
-87.5,227.5,0.0,2020-12-01,
-87.5,232.5,0.0,2020-12-01,
-87.5,237.5,0.0,2020-12-01,
-87.5,242.5,0.0,2020-12-01,
-87.5,247.5,0.0,2020-12-01,
-87.5,252.5,0.0,2020-12-01,
-87.5,257.5,0.0,2020-12-01,
-87.5,262.5,0.0,2020-12-01,
-87.5,267.5,0.0,2020-12-01,
-87.5,272.5,0.0,2020-12-01,
-87.5,277.5,0.0,2020-12-01,
-87.5,282.5,0.0,2020-12-01,
-87.5,287.5,0.0,2020-12-01,
-87.5,292.5,0.0,2020-12-01,
-87.5,297.5,0.0,2020-12-01,
-87.5,302.5,0.0,2020-12-01,
-87.5,307.5,0.0,2020-12-01,
-87.5,312.5,0.0,2020-12-01,
-87.5,317.5,0.0,2020-12-01,
-87.5,322.5,0.0,2020-12-01,
-87.5,327.5,0.0,2020-12-01,
-87.5,332.5,0.0,2020-12-01,
-87.5,337.5,0.0,2020-12-01,
-87.5,342.5,0.0,2020-12-01,
-87.5,347.5,0.0,2020-12-01,
-87.5,352.5,0.0,2020-12-01,
-87.5,357.5,0.0,2020-12-01,-0.47
-82.5,2.5,0.0,2020-12-01,
-82.5,7.5,0.0,2020-12-01,
-82.5,12.5,0.0,2020-12-01,
-82.5,17.5,0.0,2020-12-01,
-82.5,22.5,0.0,2020-12-01,
-82.5,27.5,0.0,2020-12-01,
-82.5,32.5,0.0,2020-12-01,
-82.5,37.5,0.0,2020-12-01,
-82.5,42.5,0.0,2020-12-01,
-82.5,47.5,0.0,2020-12-01,
-82.5,52.5,0.0,2020-12-01,
-82.5,57.5,0.0,2020-12-01,
-82.5,62.5,0.0,2020-12-01,
-82.5,67.5,0.0,2020-12-01,
-82.5,72.5,0.0,2020-12-01,
-82.5,77.5,0.0,2020-12-01,
-82.5,82.5,0.0,2020-12-01,
-82.5,87.5,0.0,2020-12-01,
-82.5,92.5,0.0,2020-12-01,
-82.5,97.5,0.0,2020-12-01,
-82.5,102.5,0.0,2020-12-01,
-82.5,107.5,0.0,2020-12-01,
-82.5,112.5,0.0,2020-12-01,
-82.5,117.5,0.0,2020-12-01,
-82.5,122.5,0.0,2020-12-01,
-82.5,127.5,0.0,2020-12-01,
-82.5,132.5,0.0,2020-12-01,
-82.5,137.5,0.0,2020-12-01,
-82.5,142.5,0.0,2020-12-01,
-82.5,147.5,0.0,2020-12-01,
-82.5,152.5,0.0,2020-12-01,
-82.5,157.5,0.0,2020-12-01,
-82.5,162.5,0.0,2020-12-01,
-82.5,167.5,0.0,2020-12-01,
-82.5,172.5,0.0,2020-12-01,
-82.5,177.5,0.0,2020-12-01,
-82.5,182.5,0.0,2020-12-01,
-82.5,187.5,0.0,2020-12-01,-2.0
-82.5,192.5,0.0,2020-12-01,
-82.5,197.5,0.0,2020-12-01,
-82.5,202.5,0.0,2020-12-01,
-82.5,207.5,0.0,2020-12-01,
-82.5,212.5,0.0,2020-12-01,
-82.5,217.5,0.0,2020-12-01,
-82.5,222.5,0.0,2020-12-01,-2.22
-82.5,227.5,0.0,2020-12-01,
-82.5,232.5,0.0,2020-12-01,
-82.5,237.5,0.0,2020-12-01,-0.56
-82.5,242.5,0.0,2020-12-01,-0.11
-82.5,247.5,0.0,2020-12-01,
-82.5,252.5,0.0,2020-12-01,
-82.5,257.5,0.0,2020-12-01,
-82.5,262.5,0.0,2020-12-01,
-82.5,267.5,0.0,2020-12-01,
-82.5,272.5,0.0,2020-12-01,
-82.5,277.5,0.0,2020-12-01,
-82.5,282.5,0.0,2020-12-01,
-82.5,287.5,0.0,2020-12-01,
-82.5,292.5,0.0,2020-12-01,
-82.5,297.5,0.0,2020-12-01,
-82.5,302.5,0.0,2020-12-01,
-82.5,307.5,0.0,2020-12-01,
-82.5,312.5,0.0,2020-12-01,
-82.5,317.5,0.0,2020-12-01,
-82.5,322.5,0.0,2020-12-01,
-82.5,327.5,0.0,2020-12-01,
-82.5,332.5,0.0,2020-12-01,
-82.5,337.5,0.0,2020-12-01,
-82.5,342.5,0.0,2020-12-01,
-82.5,347.5,0.0,2020-12-01,-0.01
-82.5,352.5,0.0,2020-12-01,
-82.5,357.5,0.0,2020-12-01,
-77.5,2.5,0.0,2020-12-01,
-77.5,7.5,0.0,2020-12-01,
-77.5,12.5,0.0,2020-12-01,
-77.5,17.5,0.0,2020-12-01,
-77.5,22.5,0.0,2020-12-01,
-77.5,27.5,0.0,2020-12-01,
-77.5,32.5,0.0,2020-12-01,
-77.5,37.5,0.0,2020-12-01,-0.08
-77.5,42.5,0.0,2020-12-01,
-77.5,47.5,0.0,2020-12-01,
-77.5,52.5,0.0,2020-12-01,
-77.5,57.5,0.0,2020-12-01,
-77.5,62.5,0.0,2020-12-01,
-77.5,67.5,0.0,2020-12-01,
-77.5,72.5,0.0,2020-12-01,
-77.5,77.5,0.0,2020-12-01,-6.18
-77.5,82.5,0.0,2020-12-01,
-77.5,87.5,0.0,2020-12-01,
-77.5,92.5,0.0,2020-12-01,
-77.5,97.5,0.0,2020-12-01,
-77.5,102.5,0.0,2020-12-01,
-77.5,107.5,0.0,2020-12-01,-0.01
-77.5,112.5,0.0,2020-12-01,
-77.5,117.5,0.0,2020-12-01,
-77.5,122.5,0.0,2020-12-01,0.85
-77.5,127.5,0.0,2020-12-01,
-77.5,132.5,0.0,2020-12-01,
-77.5,137.5,0.0,2020-12-01,
-77.5,142.5,0.0,2020-12-01,
-77.5,147.5,0.0,2020-12-01,
-77.5,152.5,0.0,2020-12-01,
-77.5,157.5,0.0,2020-12-01,
-77.5,162.5,0.0,2020-12-01,1.5
-77.5,167.5,0.0,2020-12-01,0.03
-77.5,172.5,0.0,2020-12-01,-0.88
-77.5,177.5,0.0,2020-12-01,
-77.5,182.5,0.0,2020-12-01,-0.16
-77.5,187.5,0.0,2020-12-01,
-77.5,192.5,0.0,2020-12-01,
-77.5,197.5,0.0,2020-12-01,
-77.5,202.5,0.0,2020-12-01,
-77.5,207.5,0.0,2020-12-01,
-77.5,212.5,0.0,2020-12-01,
-77.5,217.5,0.0,2020-12-01,
-77.5,222.5,0.0,2020-12-01,
-77.5,227.5,0.0,2020-12-01,
-77.5,232.5,0.0,2020-12-01,
-77.5,237.5,0.0,2020-12-01,
-77.5,242.5,0.0,2020-12-01,
-77.5,247.5,0.0,2020-12-01,
-77.5,252.5,0.0,2020-12-01,
-77.5,257.5,0.0,2020-12-01,
-77.5,262.5,0.0,2020-12-01,
-77.5,267.5,0.0,2020-12-01,
-77.5,272.5,0.0,2020-12-01,
-77.5,277.5,0.0,2020-12-01,
-77.5,282.5,0.0,2020-12-01,
-77.5,287.5,0.0,2020-12-01,
-77.5,292.5,0.0,2020-12-01,
-77.5,297.5,0.0,2020-12-01,
-77.5,302.5,0.0,2020-12-01,-1.03
-77.5,307.5,0.0,2020-12-01,
-77.5,312.5,0.0,2020-12-01,
-77.5,317.5,0.0,2020-12-01,
-77.5,322.5,0.0,2020-12-01,
-77.5,327.5,0.0,2020-12-01,1.93
-77.5,332.5,0.0,2020-12-01,0.05
-77.5,337.5,0.0,2020-12-01,
-77.5,342.5,0.0,2020-12-01,
-77.5,347.5,0.0,2020-12-01,
-77.5,352.5,0.0,2020-12-01,
-77.5,357.5,0.0,2020-12-01,-0.59
-72.5,2.5,0.0,2020-12-01,-0.83
-72.5,7.5,0.0,2020-12-01,
-72.5,12.5,0.0,2020-12-01,-0.57
-72.5,17.5,0.0,2020-12-01,
-72.5,22.5,0.0,2020-12-01,
-72.5,27.5,0.0,2020-12-01,
-72.5,32.5,0.0,2020-12-01,
-72.5,37.5,0.0,2020-12-01,
-72.5,42.5,0.0,2020-12-01,0.22
-72.5,47.5,0.0,2020-12-01,
-72.5,52.5,0.0,2020-12-01,
-72.5,57.5,0.0,2020-12-01,
-72.5,62.5,0.0,2020-12-01,
-72.5,67.5,0.0,2020-12-01,
-72.5,72.5,0.0,2020-12-01,
-72.5,77.5,0.0,2020-12-01,
-72.5,82.5,0.0,2020-12-01,
-72.5,87.5,0.0,2020-12-01,
-72.5,92.5,0.0,2020-12-01,
-72.5,97.5,0.0,2020-12-01,
-72.5,102.5,0.0,2020-12-01,
-72.5,107.5,0.0,2020-12-01,
-72.5,112.5,0.0,2020-12-01,
-72.5,117.5,0.0,2020-12-01,
-72.5,122.5,0.0,2020-12-01,
-72.5,127.5,0.0,2020-12-01,
-72.5,132.5,0.0,2020-12-01,
-72.5,137.5,0.0,2020-12-01,
-72.5,142.5,0.0,2020-12-01,
-72.5,147.5,0.0,2020-12-01,
-72.5,152.5,0.0,2020-12-01,
-72.5,157.5,0.0,2020-12-01,
-72.5,162.5,0.0,2020-12-01,1.48
-72.5,167.5,0.0,2020-12-01,1.08
-72.5,172.5,0.0,2020-12-01,1.56
-72.5,177.5,0.0,2020-12-01,
-72.5,182.5,0.0,2020-12-01,
-72.5,187.5,0.0,2020-12-01,
-72.5,192.5,0.0,2020-12-01,
-72.5,197.5,0.0,2020-12-01,
-72.5,202.5,0.0,2020-12-01,
-72.5,207.5,0.0,2020-12-01,
-72.5,212.5,0.0,2020-12-01,
-72.5,217.5,0.0,2020-12-01,
-72.5,222.5,0.0,2020-12-01,
-72.5,227.5,0.0,2020-12-01,
-72.5,232.5,0.0,2020-12-01,
-72.5,237.5,0.0,2020-12-01,
-72.5,242.5,0.0,2020-12-01,
-72.5,247.5,0.0,2020-12-01,
-72.5,252.5,0.0,2020-12-01,
-72.5,257.5,0.0,2020-12-01,
-72.5,262.5,0.0,2020-12-01,
-72.5,267.5,0.0,2020-12-01,
-72.5,272.5,0.0,2020-12-01,
-72.5,277.5,0.0,2020-12-01,
-72.5,282.5,0.0,2020-12-01,
-72.5,287.5,0.0,2020-12-01,-0.8
-72.5,292.5,0.0,2020-12-01,0.2
-72.5,297.5,0.0,2020-12-01,-0.61
-72.5,302.5,0.0,2020-12-01,
-72.5,307.5,0.0,2020-12-01,
-72.5,312.5,0.0,2020-12-01,
-72.5,317.5,0.0,2020-12-01,
-72.5,322.5,0.0,2020-12-01,
-72.5,327.5,0.0,2020-12-01,
-72.5,332.5,0.0,2020-12-01,
-72.5,337.5,0.0,2020-12-01,
-72.5,342.5,0.0,2020-12-01,
-72.5,347.5,0.0,2020-12-01,
-72.5,352.5,0.0,2020-12-01,-0.29
-72.5,357.5,0.0,2020-12-01,-0.69
-67.5,2.5,0.0,2020-12-01,
-67.5,7.5,0.0,2020-12-01,
-67.5,12.5,0.0,2020-12-01,
-67.5,17.5,0.0,2020-12-01,
-67.5,22.5,0.0,2020-12-01,
-67.5,27.5,0.0,2020-12-01,
-67.5,32.5,0.0,2020-12-01,
-67.5,37.5,0.0,2020-12-01,-2.16
-67.5,42.5,0.0,2020-12-01,
-67.5,47.5,0.0,2020-12-01,-1.14
-67.5,52.5,0.0,2020-12-01,
-67.5,57.5,0.0,2020-12-01,
-67.5,62.5,0.0,2020-12-01,-0.66
-67.5,67.5,0.0,2020-12-01,
-67.5,72.5,0.0,2020-12-01,
-67.5,77.5,0.0,2020-12-01,-0.63
-67.5,82.5,0.0,2020-12-01,
-67.5,87.5,0.0,2020-12-01,
-67.5,92.5,0.0,2020-12-01,-1.21
-67.5,97.5,0.0,2020-12-01,
-67.5,102.5,0.0,2020-12-01,
-67.5,107.5,0.0,2020-12-01,
-67.5,112.5,0.0,2020-12-01,-0.92
-67.5,117.5,0.0,2020-12-01,
-67.5,122.5,0.0,2020-12-01,
-67.5,127.5,0.0,2020-12-01,
-67.5,132.5,0.0,2020-12-01,
-67.5,137.5,0.0,2020-12-01,0.62
-67.5,142.5,0.0,2020-12-01,0.82
-67.5,147.5,0.0,2020-12-01,
-67.5,152.5,0.0,2020-12-01,
-67.5,157.5,0.0,2020-12-01,
-67.5,162.5,0.0,2020-12-01,
-67.5,167.5,0.0,2020-12-01,
-67.5,172.5,0.0,2020-12-01,
-67.5,177.5,0.0,2020-12-01,
-67.5,182.5,0.0,2020-12-01,
-67.5,187.5,0.0,2020-12-01,
-67.5,192.5,0.0,2020-12-01,
-67.5,197.5,0.0,2020-12-01,
-67.5,202.5,0.0,2020-12-01,
-67.5,207.5,0.0,2020-12-01,
-67.5,212.5,0.0,2020-12-01,
-67.5,217.5,0.0,2020-12-01,
-67.5,222.5,0.0,2020-12-01,
-67.5,227.5,0.0,2020-12-01,
-67.5,232.5,0.0,2020-12-01,
-67.5,237.5,0.0,2020-12-01,
-67.5,242.5,0.0,2020-12-01,
-67.5,247.5,0.0,2020-12-01,
-67.5,252.5,0.0,2020-12-01,
-67.5,257.5,0.0,2020-12-01,
-67.5,262.5,0.0,2020-12-01,-0.77602375
-67.5,267.5,0.0,2020-12-01,
-67.5,272.5,0.0,2020-12-01,-0.6408511
-67.5,277.5,0.0,2020-12-01,-0.6374165
-67.5,282.5,0.0,2020-12-01,-0.5740522
-67.5,287.5,0.0,2020-12-01,-0.52236015
-67.5,292.5,0.0,2020-12-01,-0.43969634
-67.5,297.5,0.0,2020-12-01,-0.23911804
-67.5,302.5,0.0,2020-12-01,
-67.5,307.5,0.0,2020-12-01,
-67.5,312.5,0.0,2020-12-01,
-67.5,317.5,0.0,2020-12-01,
-67.5,322.5,0.0,2020-12-01,
-67.5,327.5,0.0,2020-12-01,
-67.5,332.5,0.0,2020-12-01,
-67.5,337.5,0.0,2020-12-01,
-67.5,342.5,0.0,2020-12-01,
-67.5,347.5,0.0,2020-12-01,
-67.5,352.5,0.0,2020-12-01,
-67.5,357.5,0.0,2020-12-01,-0.34165525
-62.5,2.5,0.0,2020-12-01,-0.42476743
-62.5,7.5,0.0,2020-12-01,
-62.5,12.5,0.0,2020-12-01,
-62.5,17.5,0.0,2020-12-01,
-62.5,22.5,0.0,2020-12-01,
-62.5,27.5,0.0,2020-12-01,
-62.5,32.5,0.0,2020-12-01,
-62.5,37.5,0.0,2020-12-01,
-62.5,42.5,0.0,2020-12-01,0.01581105
-62.5,47.5,0.0,2020-12-01,0.031573817
-62.5,52.5,0.0,2020-12-01,0.010693098
-62.5,57.5,0.0,2020-12-01,-0.11784921
-62.5,62.5,0.0,2020-12-01,-0.18597011
-62.5,67.5,0.0,2020-12-01,0.050620787
-62.5,72.5,0.0,2020-12-01,0.012628732
-62.5,77.5,0.0,2020-12-01,0.05506987
-62.5,82.5,0.0,2020-12-01,-0.08734624
-62.5,87.5,0.0,2020-12-01,-0.2902141
-62.5,92.5,0.0,2020-12-01,-0.25037217
-62.5,97.5,0.0,2020-12-01,
-62.5,102.5,0.0,2020-12-01,-0.41068193
-62.5,107.5,0.0,2020-12-01,-0.14828372
-62.5,112.5,0.0,2020-12-01,-0.10457451
-62.5,117.5,0.0,2020-12-01,-0.22779343
-62.5,122.5,0.0,2020-12-01,-0.25820035
-62.5,127.5,0.0,2020-12-01,-0.33887938
-62.5,132.5,0.0,2020-12-01,-0.47888452
-62.5,137.5,0.0,2020-12-01,-0.60877377
-62.5,142.5,0.0,2020-12-01,-0.7091506
-62.5,147.5,0.0,2020-12-01,-0.65346056
-62.5,152.5,0.0,2020-12-01,-0.54053867
-62.5,157.5,0.0,2020-12-01,-0.44921693
-62.5,162.5,0.0,2020-12-01,-0.38029188
-62.5,167.5,0.0,2020-12-01,-0.34523243
-62.5,172.5,0.0,2020-12-01,-0.32281214
-62.5,177.5,0.0,2020-12-01,-0.28440136
-62.5,182.5,0.0,2020-12-01,-0.26240906
-62.5,187.5,0.0,2020-12-01,-0.2487208
-62.5,192.5,0.0,2020-12-01,-0.24708107
-62.5,197.5,0.0,2020-12-01,-0.2950345
-62.5,202.5,0.0,2020-12-01,-0.3470697
-62.5,207.5,0.0,2020-12-01,-0.42211255
-62.5,212.5,0.0,2020-12-01,-0.5089536
-62.5,217.5,0.0,2020-12-01,-0.5328037
-62.5,222.5,0.0,2020-12-01,-0.5203438
-62.5,227.5,0.0,2020-12-01,-0.5501936
-62.5,232.5,0.0,2020-12-01,-0.6122391
-62.5,237.5,0.0,2020-12-01,-0.6202567
-62.5,242.5,0.0,2020-12-01,-0.62232876
-62.5,247.5,0.0,2020-12-01,-0.6432689
-62.5,252.5,0.0,2020-12-01,-0.6530044
-62.5,257.5,0.0,2020-12-01,-0.6638029
-62.5,262.5,0.0,2020-12-01,-0.70312446
-62.5,267.5,0.0,2020-12-01,-0.7288364
-62.5,272.5,0.0,2020-12-01,-0.73492
-62.5,277.5,0.0,2020-12-01,-0.735468
-62.5,282.5,0.0,2020-12-01,-0.7171356
-62.5,287.5,0.0,2020-12-01,-0.6681489
-62.5,292.5,0.0,2020-12-01,-0.5682604
-62.5,297.5,0.0,2020-12-01,-0.38610515
-62.5,302.5,0.0,2020-12-01,-0.23324263
-62.5,307.5,0.0,2020-12-01,-0.28032592
-62.5,312.5,0.0,2020-12-01,-0.22499014
-62.5,317.5,0.0,2020-12-01,0.59
-62.5,322.5,0.0,2020-12-01,
-62.5,327.5,0.0,2020-12-01,
-62.5,332.5,0.0,2020-12-01,
-62.5,337.5,0.0,2020-12-01,
-62.5,342.5,0.0,2020-12-01,
-62.5,347.5,0.0,2020-12-01,
-62.5,352.5,0.0,2020-12-01,-0.40933296
-62.5,357.5,0.0,2020-12-01,
-57.5,2.5,0.0,2020-12-01,-0.35695297
-57.5,7.5,0.0,2020-12-01,-0.43693715
-57.5,12.5,0.0,2020-12-01,-0.5334542
-57.5,17.5,0.0,2020-12-01,-0.45254758
-57.5,22.5,0.0,2020-12-01,-0.33077228
-57.5,27.5,0.0,2020-12-01,-0.24970846
-57.5,32.5,0.0,2020-12-01,-0.23393865
-57.5,37.5,0.0,2020-12-01,-0.23077394
-57.5,42.5,0.0,2020-12-01,-0.21312599
-57.5,47.5,0.0,2020-12-01,-0.1908284
-57.5,52.5,0.0,2020-12-01,-0.17339411
-57.5,57.5,0.0,2020-12-01,-0.16250014
-57.5,62.5,0.0,2020-12-01,-0.16195026
-57.5,67.5,0.0,2020-12-01,-0.14003569
-57.5,72.5,0.0,2020-12-01,-0.12911738
-57.5,77.5,0.0,2020-12-01,-0.082645655
-57.5,82.5,0.0,2020-12-01,-0.076204896
-57.5,87.5,0.0,2020-12-01,-0.056513213
-57.5,92.5,0.0,2020-12-01,-0.06093691
-57.5,97.5,0.0,2020-12-01,-0.04621936
-57.5,102.5,0.0,2020-12-01,-0.039382707
-57.5,107.5,0.0,2020-12-01,-0.0320476
-57.5,112.5,0.0,2020-12-01,-0.04000143
-57.5,117.5,0.0,2020-12-01,-0.10061883
-57.5,122.5,0.0,2020-12-01,-0.16687667
-57.5,127.5,0.0,2020-12-01,-0.326555
-57.5,132.5,0.0,2020-12-01,-0.4739862
-57.5,137.5,0.0,2020-12-01,-0.643195
-57.5,142.5,0.0,2020-12-01,-0.77877945
-57.5,147.5,0.0,2020-12-01,-0.74648273
-57.5,152.5,0.0,2020-12-01,-0.6221044
-57.5,157.5,0.0,2020-12-01,-0.48876393
-57.5,162.5,0.0,2020-12-01,-0.4006267
-57.5,167.5,0.0,2020-12-01,-0.2910552
-57.5,172.5,0.0,2020-12-01,-0.2207176
-57.5,177.5,0.0,2020-12-01,-0.11951888
-57.5,182.5,0.0,2020-12-01,-0.10687703
-57.5,187.5,0.0,2020-12-01,-0.023475386
-57.5,192.5,0.0,2020-12-01,0.04125817
-57.5,197.5,0.0,2020-12-01,0.032792747
-57.5,202.5,0.0,2020-12-01,0.017568765
-57.5,207.5,0.0,2020-12-01,-0.09956698
-57.5,212.5,0.0,2020-12-01,-0.2488254
-57.5,217.5,0.0,2020-12-01,-0.2791298
-57.5,222.5,0.0,2020-12-01,-0.27723682
-57.5,227.5,0.0,2020-12-01,-0.35202366
-57.5,232.5,0.0,2020-12-01,-0.45927736
-57.5,237.5,0.0,2020-12-01,-0.46201193
-57.5,242.5,0.0,2020-12-01,-0.46134123
-57.5,247.5,0.0,2020-12-01,-0.42479438
-57.5,252.5,0.0,2020-12-01,-0.39569739
-57.5,257.5,0.0,2020-12-01,-0.3877956
-57.5,262.5,0.0,2020-12-01,-0.39635468
-57.5,267.5,0.0,2020-12-01,-0.447191
-57.5,272.5,0.0,2020-12-01,-0.4960445
-57.5,277.5,0.0,2020-12-01,-0.5476228
-57.5,282.5,0.0,2020-12-01,-0.5897408
-57.5,287.5,0.0,2020-12-01,-0.62527454
-57.5,292.5,0.0,2020-12-01,-0.63460785
-57.5,297.5,0.0,2020-12-01,-0.47856984
-57.5,302.5,0.0,2020-12-01,-0.400356
-57.5,307.5,0.0,2020-12-01,-0.29392236
-57.5,312.5,0.0,2020-12-01,-0.13090555
-57.5,317.5,0.0,2020-12-01,-0.06446473
-57.5,322.5,0.0,2020-12-01,-0.12706949
-57.5,327.5,0.0,2020-12-01,-0.32099116
-57.5,332.5,0.0,2020-12-01,-0.4344665
-57.5,337.5,0.0,2020-12-01,-0.34612578
-57.5,342.5,0.0,2020-12-01,-0.40663856
-57.5,347.5,0.0,2020-12-01,-0.41447794
-57.5,352.5,0.0,2020-12-01,-0.4230021
-57.5,357.5,0.0,2020-12-01,-0.39189637
-52.5,2.5,0.0,2020-12-01,-0.36819026
-52.5,7.5,0.0,2020-12-01,-0.2686838
-52.5,12.5,0.0,2020-12-01,-0.25682116
-52.5,17.5,0.0,2020-12-01,-0.27173945
-52.5,22.5,0.0,2020-12-01,-0.2678978
-52.5,27.5,0.0,2020-12-01,-0.2956901
-52.5,32.5,0.0,2020-12-01,-0.31847462
-52.5,37.5,0.0,2020-12-01,-0.4049226
-52.5,42.5,0.0,2020-12-01,-0.3956247
-52.5,47.5,0.0,2020-12-01,-0.34316134
-52.5,52.5,0.0,2020-12-01,-0.29043934
-52.5,57.5,0.0,2020-12-01,-0.26949152
-52.5,62.5,0.0,2020-12-01,-0.22153029
-52.5,67.5,0.0,2020-12-01,-0.15310013
-52.5,72.5,0.0,2020-12-01,-0.110199556
-52.5,77.5,0.0,2020-12-01,-0.023647351
-52.5,82.5,0.0,2020-12-01,-0.060457546
-52.5,87.5,0.0,2020-12-01,-0.069352955
-52.5,92.5,0.0,2020-12-01,-0.007584637
-52.5,97.5,0.0,2020-12-01,0.05802992
-52.5,102.5,0.0,2020-12-01,0.12652937
-52.5,107.5,0.0,2020-12-01,0.12087496
-52.5,112.5,0.0,2020-12-01,0.05455235
-52.5,117.5,0.0,2020-12-01,0.016269222
-52.5,122.5,0.0,2020-12-01,0.023139903
-52.5,127.5,0.0,2020-12-01,-0.077483624
-52.5,132.5,0.0,2020-12-01,-0.17970316
-52.5,137.5,0.0,2020-12-01,-0.30952364
-52.5,142.5,0.0,2020-12-01,-0.39320877
-52.5,147.5,0.0,2020-12-01,-0.36033744
-52.5,152.5,0.0,2020-12-01,-0.28496876
-52.5,157.5,0.0,2020-12-01,0.005057752
-52.5,162.5,0.0,2020-12-01,-0.10935537
-52.5,167.5,0.0,2020-12-01,0.052961692
-52.5,172.5,0.0,2020-12-01,0.04509424
-52.5,177.5,0.0,2020-12-01,0.057569332
-52.5,182.5,0.0,2020-12-01,-0.030431928
-52.5,187.5,0.0,2020-12-01,0.053940244
-52.5,192.5,0.0,2020-12-01,0.12291913
-52.5,197.5,0.0,2020-12-01,0.1271055
-52.5,202.5,0.0,2020-12-01,0.11435115
-52.5,207.5,0.0,2020-12-01,0.020844696
-52.5,212.5,0.0,2020-12-01,-0.10993912
-52.5,217.5,0.0,2020-12-01,-0.11957637
-52.5,222.5,0.0,2020-12-01,-0.18674332
-52.5,227.5,0.0,2020-12-01,-0.27435437
-52.5,232.5,0.0,2020-12-01,-0.37611982
-52.5,237.5,0.0,2020-12-01,-0.36893535
-52.5,242.5,0.0,2020-12-01,-0.41544038
-52.5,247.5,0.0,2020-12-01,-0.39042073
-52.5,252.5,0.0,2020-12-01,-0.33215043
-52.5,257.5,0.0,2020-12-01,-0.25842392
-52.5,262.5,0.0,2020-12-01,-0.21105894
-52.5,267.5,0.0,2020-12-01,-0.2016906
-52.5,272.5,0.0,2020-12-01,-0.2707799
-52.5,277.5,0.0,2020-12-01,-0.4138219
-52.5,282.5,0.0,2020-12-01,-0.53964835
-52.5,287.5,0.0,2020-12-01,-0.19569275
-52.5,292.5,0.0,2020-12-01,-0.14363751
-52.5,297.5,0.0,2020-12-01,-0.25061828
-52.5,302.5,0.0,2020-12-01,-0.07245424
-52.5,307.5,0.0,2020-12-01,0.026033184
-52.5,312.5,0.0,2020-12-01,0.16118687
-52.5,317.5,0.0,2020-12-01,0.3198835
-52.5,322.5,0.0,2020-12-01,0.25656095
-52.5,327.5,0.0,2020-12-01,0.1564341
-52.5,332.5,0.0,2020-12-01,0.008942539
-52.5,337.5,0.0,2020-12-01,-0.13749284
-52.5,342.5,0.0,2020-12-01,-0.2739014
-52.5,347.5,0.0,2020-12-01,-0.3638048
-52.5,352.5,0.0,2020-12-01,-0.42014125
-52.5,357.5,0.0,2020-12-01,-0.4628955
-47.5,2.5,0.0,2020-12-01,-0.37067792
-47.5,7.5,0.0,2020-12-01,-0.2404266
-47.5,12.5,0.0,2020-12-01,-0.25817955
-47.5,17.5,0.0,2020-12-01,-0.33631432
-47.5,22.5,0.0,2020-12-01,-0.491442
-47.5,27.5,0.0,2020-12-01,-0.5080329
-47.5,32.5,0.0,2020-12-01,-0.525509
-47.5,37.5,0.0,2020-12-01,-0.5282888
-47.5,42.5,0.0,2020-12-01,-0.61456156
-47.5,47.5,0.0,2020-12-01,-0.51434475
-47.5,52.5,0.0,2020-12-01,-0.41975448
-47.5,57.5,0.0,2020-12-01,-0.42027134
-47.5,62.5,0.0,2020-12-01,-0.31381926
-47.5,67.5,0.0,2020-12-01,-0.2172591
-47.5,72.5,0.0,2020-12-01,-0.111110225
-47.5,77.5,0.0,2020-12-01,-0.11471571
-47.5,82.5,0.0,2020-12-01,-0.033505194
-47.5,87.5,0.0,2020-12-01,-0.03562326
-47.5,92.5,0.0,2020-12-01,0.05886451
-47.5,97.5,0.0,2020-12-01,0.20586099
-47.5,102.5,0.0,2020-12-01,0.27792317
-47.5,107.5,0.0,2020-12-01,0.22651303
-47.5,112.5,0.0,2020-12-01,0.11014536
-47.5,117.5,0.0,2020-12-01,0.07401759
-47.5,122.5,0.0,2020-12-01,0.052339014
-47.5,127.5,0.0,2020-12-01,-0.03399479
-47.5,132.5,0.0,2020-12-01,-0.040686578
-47.5,137.5,0.0,2020-12-01,-0.037138395
-47.5,142.5,0.0,2020-12-01,-0.07534514
-47.5,147.5,0.0,2020-12-01,-0.045132384
-47.5,152.5,0.0,2020-12-01,0.03856745
-47.5,157.5,0.0,2020-12-01,0.116225414
-47.5,162.5,0.0,2020-12-01,0.08285873
-47.5,167.5,0.0,2020-12-01,0.10758562
-47.5,172.5,0.0,2020-12-01,0.14439723
-47.5,177.5,0.0,2020-12-01,0.042716756
-47.5,182.5,0.0,2020-12-01,-0.059582047
-47.5,187.5,0.0,2020-12-01,-0.011572291
-47.5,192.5,0.0,2020-12-01,0.06390071
-47.5,197.5,0.0,2020-12-01,0.104136266
-47.5,202.5,0.0,2020-12-01,0.0974898
-47.5,207.5,0.0,2020-12-01,0.03565264
-47.5,212.5,0.0,2020-12-01,-0.024956381
-47.5,217.5,0.0,2020-12-01,-0.058761034
-47.5,222.5,0.0,2020-12-01,-0.08432499
-47.5,227.5,0.0,2020-12-01,-0.09417521
-47.5,232.5,0.0,2020-12-01,-0.1826556
-47.5,237.5,0.0,2020-12-01,-0.25773567
-47.5,242.5,0.0,2020-12-01,-0.28492013
-47.5,247.5,0.0,2020-12-01,-0.3101914
-47.5,252.5,0.0,2020-12-01,-0.3062852
-47.5,257.5,0.0,2020-12-01,-0.22484264
-47.5,262.5,0.0,2020-12-01,-0.13625827
-47.5,267.5,0.0,2020-12-01,-0.11406179
-47.5,272.5,0.0,2020-12-01,-0.1874689
-47.5,277.5,0.0,2020-12-01,-0.31511936
-47.5,282.5,0.0,2020-12-01,-0.30509534
-47.5,287.5,0.0,2020-12-01,0.28125185
-47.5,292.5,0.0,2020-12-01,0.14392719
-47.5,297.5,0.0,2020-12-01,0.34534618
-47.5,302.5,0.0,2020-12-01,0.5555318
-47.5,307.5,0.0,2020-12-01,0.6823121
-47.5,312.5,0.0,2020-12-01,0.6359731
-47.5,317.5,0.0,2020-12-01,0.5783914
-47.5,322.5,0.0,2020-12-01,0.5617163
-47.5,327.5,0.0,2020-12-01,0.43545428
-47.5,332.5,0.0,2020-12-01,0.2705469
-47.5,337.5,0.0,2020-12-01,0.123302035
-47.5,342.5,0.0,2020-12-01,0.008002349
-47.5,347.5,0.0,2020-12-01,-0.123327926
-47.5,352.5,0.0,2020-12-01,-0.25560698
-47.5,357.5,0.0,2020-12-01,-0.41158018
-42.5,2.5,0.0,2020-12-01,-0.002951212
-42.5,7.5,0.0,2020-12-01,-0.10186497
-42.5,12.5,0.0,2020-12-01,-0.22793934
-42.5,17.5,0.0,2020-12-01,-0.40097344
-42.5,22.5,0.0,2020-12-01,-0.7976582
-42.5,27.5,0.0,2020-12-01,-0.8576089
-42.5,32.5,0.0,2020-12-01,-0.8461434
-42.5,37.5,0.0,2020-12-01,-0.8405481
-42.5,42.5,0.0,2020-12-01,-0.69219095
-42.5,47.5,0.0,2020-12-01,-0.49349833
-42.5,52.5,0.0,2020-12-01,-0.4948304
-42.5,57.5,0.0,2020-12-01,-0.48243478
-42.5,62.5,0.0,2020-12-01,-0.367471
-42.5,67.5,0.0,2020-12-01,-0.29914436
-42.5,72.5,0.0,2020-12-01,-0.2554335
-42.5,77.5,0.0,2020-12-01,-0.29191744
-42.5,82.5,0.0,2020-12-01,-0.14674509
-42.5,87.5,0.0,2020-12-01,-0.06970202
-42.5,92.5,0.0,2020-12-01,0.035908476
-42.5,97.5,0.0,2020-12-01,0.16619118
-42.5,102.5,0.0,2020-12-01,0.16473861
-42.5,107.5,0.0,2020-12-01,0.04586716
-42.5,112.5,0.0,2020-12-01,-0.09087039
-42.5,117.5,0.0,2020-12-01,-0.08642263
-42.5,122.5,0.0,2020-12-01,-0.077678695
-42.5,127.5,0.0,2020-12-01,-0.06532908
-42.5,132.5,0.0,2020-12-01,-0.022704788
-42.5,137.5,0.0,2020-12-01,0.106411815
-42.5,142.5,0.0,2020-12-01,0.2280744
-42.5,147.5,0.0,2020-12-01,0.19222054
-42.5,152.5,0.0,2020-12-01,0.4070065
-42.5,157.5,0.0,2020-12-01,0.4440956
-42.5,162.5,0.0,2020-12-01,0.23957008
-42.5,167.5,0.0,2020-12-01,0.056372948
-42.5,172.5,0.0,2020-12-01,0.17118941
-42.5,177.5,0.0,2020-12-01,0.009104609
-42.5,182.5,0.0,2020-12-01,-0.023681957
-42.5,187.5,0.0,2020-12-01,-0.045120314
-42.5,192.5,0.0,2020-12-01,0.065395884
-42.5,197.5,0.0,2020-12-01,0.12088217
-42.5,202.5,0.0,2020-12-01,0.17714636
-42.5,207.5,0.0,2020-12-01,0.24936192
-42.5,212.5,0.0,2020-12-01,0.3352052
-42.5,217.5,0.0,2020-12-01,0.37069952
-42.5,222.5,0.0,2020-12-01,0.42366645
-42.5,227.5,0.0,2020-12-01,0.4457916
-42.5,232.5,0.0,2020-12-01,0.23892024
-42.5,237.5,0.0,2020-12-01,-0.011080255
-42.5,242.5,0.0,2020-12-01,-0.101896726
-42.5,247.5,0.0,2020-12-01,-0.17658255
-42.5,252.5,0.0,2020-12-01,-0.15954646
-42.5,257.5,0.0,2020-12-01,-0.19229877
-42.5,262.5,0.0,2020-12-01,-0.20074743
-42.5,267.5,0.0,2020-12-01,-0.17865613
-42.5,272.5,0.0,2020-12-01,-0.18685424
-42.5,277.5,0.0,2020-12-01,-0.19325991
-42.5,282.5,0.0,2020-12-01,-0.10975868
-42.5,287.5,0.0,2020-12-01,-0.074248254
-42.5,292.5,0.0,2020-12-01,1.4809622
-42.5,297.5,0.0,2020-12-01,0.8039592
-42.5,302.5,0.0,2020-12-01,1.1156857
-42.5,307.5,0.0,2020-12-01,1.1151817
-42.5,312.5,0.0,2020-12-01,1.0474849
-42.5,317.5,0.0,2020-12-01,0.9896022
-42.5,322.5,0.0,2020-12-01,0.80967087
-42.5,327.5,0.0,2020-12-01,0.62449414
-42.5,332.5,0.0,2020-12-01,0.58051485
-42.5,337.5,0.0,2020-12-01,0.507229
-42.5,342.5,0.0,2020-12-01,0.41902825
-42.5,347.5,0.0,2020-12-01,0.32135972
-42.5,352.5,0.0,2020-12-01,0.33534503
-42.5,357.5,0.0,2020-12-01,0.06514357
-37.5,2.5,0.0,2020-12-01,0.45892414
-37.5,7.5,0.0,2020-12-01,0.21304594
-37.5,12.5,0.0,2020-12-01,0.090678394
-37.5,17.5,0.0,2020-12-01,0.17124276
-37.5,22.5,0.0,2020-12-01,0.027037913
-37.5,27.5,0.0,2020-12-01,-0.21895047
-37.5,32.5,0.0,2020-12-01,-0.2960075
-37.5,37.5,0.0,2020-12-01,-0.3217622
-37.5,42.5,0.0,2020-12-01,-0.32589006
-37.5,47.5,0.0,2020-12-01,-0.26470116
-37.5,52.5,0.0,2020-12-01,-0.21205
-37.5,57.5,0.0,2020-12-01,-0.19201584
-37.5,62.5,0.0,2020-12-01,-0.21818939
-37.5,67.5,0.0,2020-12-01,-0.29973906
-37.5,72.5,0.0,2020-12-01,-0.40065175
-37.5,77.5,0.0,2020-12-01,-0.3563647
-37.5,82.5,0.0,2020-12-01,-0.33882344
-37.5,87.5,0.0,2020-12-01,-0.25147098
-37.5,92.5,0.0,2020-12-01,-0.17417742
-37.5,97.5,0.0,2020-12-01,-0.15441276
-37.5,102.5,0.0,2020-12-01,-0.24652447
-37.5,107.5,0.0,2020-12-01,-0.35203892
-37.5,112.5,0.0,2020-12-01,-0.42705312
-37.5,117.5,0.0,2020-12-01,-0.43598658
-37.5,122.5,0.0,2020-12-01,-0.33950013
-37.5,127.5,0.0,2020-12-01,-0.11645107
-37.5,132.5,0.0,2020-12-01,0.08694811
-37.5,137.5,0.0,2020-12-01,0.39845872
-37.5,142.5,0.0,2020-12-01,-0.21616654
-37.5,147.5,0.0,2020-12-01,0.12369279
-37.5,152.5,0.0,2020-12-01,0.5468347
-37.5,157.5,0.0,2020-12-01,0.6129063
-37.5,162.5,0.0,2020-12-01,0.46000183
-37.5,167.5,0.0,2020-12-01,0.28170493
-37.5,172.5,0.0,2020-12-01,0.21021348
-37.5,177.5,0.0,2020-12-01,0.19214818
-37.5,182.5,0.0,2020-12-01,0.061714493
-37.5,187.5,0.0,2020-12-01,0.10620598
-37.5,192.5,0.0,2020-12-01,0.21212614
-37.5,197.5,0.0,2020-12-01,0.28770944
-37.5,202.5,0.0,2020-12-01,0.40086937
-37.5,207.5,0.0,2020-12-01,0.60753345
-37.5,212.5,0.0,2020-12-01,0.7818296
-37.5,217.5,0.0,2020-12-01,0.88865805
-37.5,222.5,0.0,2020-12-01,1.0011733
-37.5,227.5,0.0,2020-12-01,0.9761407
-37.5,232.5,0.0,2020-12-01,0.68755
-37.5,237.5,0.0,2020-12-01,0.41092956
-37.5,242.5,0.0,2020-12-01,0.2400039
-37.5,247.5,0.0,2020-12-01,0.18086012
-37.5,252.5,0.0,2020-12-01,0.18431364
-37.5,257.5,0.0,2020-12-01,-0.009551881
-37.5,262.5,0.0,2020-12-01,-0.07571588
-37.5,267.5,0.0,2020-12-01,-0.0643071
-37.5,272.5,0.0,2020-12-01,-0.08795378
-37.5,277.5,0.0,2020-12-01,-0.12666956
-37.5,282.5,0.0,2020-12-01,-0.20287521
-37.5,287.5,0.0,2020-12-01,-0.21548146
-37.5,292.5,0.0,2020-12-01,0.40824682
-37.5,297.5,0.0,2020-12-01,1.1441847
-37.5,302.5,0.0,2020-12-01,1.2252661
-37.5,307.5,0.0,2020-12-01,1.1366552
-37.5,312.5,0.0,2020-12-01,0.9572095
-37.5,317.5,0.0,2020-12-01,1.0886633
-37.5,322.5,0.0,2020-12-01,1.0031921
-37.5,327.5,0.0,2020-12-01,1.0189867
-37.5,332.5,0.0,2020-12-01,1.0239323
-37.5,337.5,0.0,2020-12-01,0.92337143
-37.5,342.5,0.0,2020-12-01,0.80418915
-37.5,347.5,0.0,2020-12-01,0.75410366
-37.5,352.5,0.0,2020-12-01,0.6476983
-37.5,357.5,0.0,2020-12-01,0.5370541
-32.5,2.5,0.0,2020-12-01,0.42614776
-32.5,7.5,0.0,2020-12-01,0.224744
-32.5,12.5,0.0,2020-12-01,0.15552545
-32.5,17.5,0.0,2020-12-01,0.31015202
-32.5,22.5,0.0,2020-12-01,0.8190291
-32.5,27.5,0.0,2020-12-01,0.6157582
-32.5,32.5,0.0,2020-12-01,0.28001457
-32.5,37.5,0.0,2020-12-01,0.17219047
-32.5,42.5,0.0,2020-12-01,-0.002043924
-32.5,47.5,0.0,2020-12-01,-0.070473485
-32.5,52.5,0.0,2020-12-01,-0.007736729
-32.5,57.5,0.0,2020-12-01,-0.082982756
-32.5,62.5,0.0,2020-12-01,-0.21047446
-32.5,67.5,0.0,2020-12-01,-0.50725615
-32.5,72.5,0.0,2020-12-01,-0.67179745
-32.5,77.5,0.0,2020-12-01,-0.6297755
-32.5,82.5,0.0,2020-12-01,-0.59697855
-32.5,87.5,0.0,2020-12-01,-0.48911032
-32.5,92.5,0.0,2020-12-01,-0.48262578
-32.5,97.5,0.0,2020-12-01,-0.5913891
-32.5,102.5,0.0,2020-12-01,-0.72071177
-32.5,107.5,0.0,2020-12-01,-0.63437265
-32.5,112.5,0.0,2020-12-01,-0.097862296
-32.5,117.5,0.0,2020-12-01,0.76666695
-32.5,122.5,0.0,2020-12-01,-0.23439538
-32.5,127.5,0.0,2020-12-01,-0.012380917
-32.5,132.5,0.0,2020-12-01,0.07055211
-32.5,137.5,0.0,2020-12-01,-0.3217436
-32.5,142.5,0.0,2020-12-01,-0.4191056
-32.5,147.5,0.0,2020-12-01,-0.009994686
-32.5,152.5,0.0,2020-12-01,0.4270547
-32.5,157.5,0.0,2020-12-01,0.6861126
-32.5,162.5,0.0,2020-12-01,0.6115293
-32.5,167.5,0.0,2020-12-01,0.55757695
-32.5,172.5,0.0,2020-12-01,0.42480424
-32.5,177.5,0.0,2020-12-01,0.29418844
-32.5,182.5,0.0,2020-12-01,0.24677943
-32.5,187.5,0.0,2020-12-01,0.37301528
-32.5,192.5,0.0,2020-12-01,0.48822296
-32.5,197.5,0.0,2020-12-01,0.6677791
-32.5,202.5,0.0,2020-12-01,0.8560171
-32.5,207.5,0.0,2020-12-01,1.1256708
-32.5,212.5,0.0,2020-12-01,1.3387678
-32.5,217.5,0.0,2020-12-01,1.4848366
-32.5,222.5,0.0,2020-12-01,1.6150723
-32.5,227.5,0.0,2020-12-01,1.6242816
-32.5,232.5,0.0,2020-12-01,1.3046161
-32.5,237.5,0.0,2020-12-01,0.97623456
-32.5,242.5,0.0,2020-12-01,0.7495477
-32.5,247.5,0.0,2020-12-01,0.5446881
-32.5,252.5,0.0,2020-12-01,0.41409776
-32.5,257.5,0.0,2020-12-01,0.1641132
-32.5,262.5,0.0,2020-12-01,-0.021874424
-32.5,267.5,0.0,2020-12-01,-0.09050279
-32.5,272.5,0.0,2020-12-01,-0.18173419
-32.5,277.5,0.0,2020-12-01,-0.37877694
-32.5,282.5,0.0,2020-12-01,-0.5225149
-32.5,287.5,0.0,2020-12-01,-0.5548849
-32.5,292.5,0.0,2020-12-01,0.74603856
-32.5,297.5,0.0,2020-12-01,0.25175238
-32.5,302.5,0.0,2020-12-01,-0.13277137
-32.5,307.5,0.0,2020-12-01,0.9176762
-32.5,312.5,0.0,2020-12-01,0.79985535
-32.5,317.5,0.0,2020-12-01,0.84110516
-32.5,322.5,0.0,2020-12-01,0.9080392
-32.5,327.5,0.0,2020-12-01,1.1567807
-32.5,332.5,0.0,2020-12-01,1.285245
-32.5,337.5,0.0,2020-12-01,1.2874914
-32.5,342.5,0.0,2020-12-01,1.0518872
-32.5,347.5,0.0,2020-12-01,0.8197921
-32.5,352.5,0.0,2020-12-01,0.74527365
-32.5,357.5,0.0,2020-12-01,0.63166124
-27.5,2.5,0.0,2020-12-01,-0.016776413
-27.5,7.5,0.0,2020-12-01,-0.042240158
-27.5,12.5,0.0,2020-12-01,-0.13857484
-27.5,17.5,0.0,2020-12-01,0.49910057
-27.5,22.5,0.0,2020-12-01,0.45703924
-27.5,27.5,0.0,2020-12-01,0.93392956
-27.5,32.5,0.0,2020-12-01,0.72182935
-27.5,37.5,0.0,2020-12-01,0.26070496
-27.5,42.5,0.0,2020-12-01,0.14531258
-27.5,47.5,0.0,2020-12-01,0.12563497
-27.5,52.5,0.0,2020-12-01,-0.065657064
-27.5,57.5,0.0,2020-12-01,-0.11534103
-27.5,62.5,0.0,2020-12-01,-0.25067347
-27.5,67.5,0.0,2020-12-01,-0.45680282
-27.5,72.5,0.0,2020-12-01,-0.5119508
-27.5,77.5,0.0,2020-12-01,-0.3541253
-27.5,82.5,0.0,2020-12-01,-0.21248443
-27.5,87.5,0.0,2020-12-01,-0.20151792
-27.5,92.5,0.0,2020-12-01,-0.3396123
-27.5,97.5,0.0,2020-12-01,-0.49801266
-27.5,102.5,0.0,2020-12-01,-0.5015283
-27.5,107.5,0.0,2020-12-01,-0.24594045
-27.5,112.5,0.0,2020-12-01,0.41447812
-27.5,117.5,0.0,2020-12-01,1.2278645
-27.5,122.5,0.0,2020-12-01,-0.66260034
-27.5,127.5,0.0,2020-12-01,-1.0740145
-27.5,132.5,0.0,2020-12-01,-1.0983413
-27.5,137.5,0.0,2020-12-01,-0.67992437
-27.5,142.5,0.0,2020-12-01,0.35446206
-27.5,147.5,0.0,2020-12-01,1.3678112
-27.5,152.5,0.0,2020-12-01,0.9878622
-27.5,157.5,0.0,2020-12-01,0.42597744
-27.5,162.5,0.0,2020-12-01,0.45143017
-27.5,167.5,0.0,2020-12-01,0.48959902
-27.5,172.5,0.0,2020-12-01,0.42614138
-27.5,177.5,0.0,2020-12-01,0.449106
-27.5,182.5,0.0,2020-12-01,0.54942846
-27.5,187.5,0.0,2020-12-01,0.7156888
-27.5,192.5,0.0,2020-12-01,0.901589
-27.5,197.5,0.0,2020-12-01,1.026593
-27.5,202.5,0.0,2020-12-01,1.2188843
-27.5,207.5,0.0,2020-12-01,1.4778763
-27.5,212.5,0.0,2020-12-01,1.6129104
-27.5,217.5,0.0,2020-12-01,1.6411016
-27.5,222.5,0.0,2020-12-01,1.7863278
-27.5,227.5,0.0,2020-12-01,1.5077223
-27.5,232.5,0.0,2020-12-01,1.2358485
-27.5,237.5,0.0,2020-12-01,0.85403705
-27.5,242.5,0.0,2020-12-01,0.5342904
-27.5,247.5,0.0,2020-12-01,0.22878471
-27.5,252.5,0.0,2020-12-01,0.15128058
-27.5,257.5,0.0,2020-12-01,-0.15224859
-27.5,262.5,0.0,2020-12-01,-0.38488874
-27.5,267.5,0.0,2020-12-01,-0.5686372
-27.5,272.5,0.0,2020-12-01,-0.75462687
-27.5,277.5,0.0,2020-12-01,-0.99768656
-27.5,282.5,0.0,2020-12-01,-1.2154629
-27.5,287.5,0.0,2020-12-01,-1.1751584
-27.5,292.5,0.0,2020-12-01,0.64426494
-27.5,297.5,0.0,2020-12-01,0.21793765
-27.5,302.5,0.0,2020-12-01,-0.064456165
-27.5,307.5,0.0,2020-12-01,0.529592
-27.5,312.5,0.0,2020-12-01,0.7023698
-27.5,317.5,0.0,2020-12-01,0.531627
-27.5,322.5,0.0,2020-12-01,0.6692326
-27.5,327.5,0.0,2020-12-01,0.9366477
-27.5,332.5,0.0,2020-12-01,1.0403266
-27.5,337.5,0.0,2020-12-01,1.0461802
-27.5,342.5,0.0,2020-12-01,0.759504
-27.5,347.5,0.0,2020-12-01,0.42339894
-27.5,352.5,0.0,2020-12-01,0.2749928
-27.5,357.5,0.0,2020-12-01,0.11832582
-22.5,2.5,0.0,2020-12-01,-0.35893354
-22.5,7.5,0.0,2020-12-01,-0.39426532
-22.5,12.5,0.0,2020-12-01,-0.5469799
-22.5,17.5,0.0,2020-12-01,1.183425
-22.5,22.5,0.0,2020-12-01,0.88445026
-22.5,27.5,0.0,2020-12-01,0.008725703
-22.5,32.5,0.0,2020-12-01,0.93742424
-22.5,37.5,0.0,2020-12-01,0.45478275
-22.5,42.5,0.0,2020-12-01,0.5618745
-22.5,47.5,0.0,2020-12-01,0.4781906
-22.5,52.5,0.0,2020-12-01,0.025789127
-22.5,57.5,0.0,2020-12-01,0.13491276
-22.5,62.5,0.0,2020-12-01,0.038546808
-22.5,67.5,0.0,2020-12-01,0.048892118
-22.5,72.5,0.0,2020-12-01,0.10580417
-22.5,77.5,0.0,2020-12-01,0.23772483
-22.5,82.5,0.0,2020-12-01,0.33853918
-22.5,87.5,0.0,2020-12-01,0.31844229
-22.5,92.5,0.0,2020-12-01,0.15353777
-22.5,97.5,0.0,2020-12-01,-0.008200616
-22.5,102.5,0.0,2020-12-01,-0.016231539
-22.5,107.5,0.0,2020-12-01,0.32212406
-22.5,112.5,0.0,2020-12-01,0.94770896
-22.5,117.5,0.0,2020-12-01,0.82415366
-22.5,122.5,0.0,2020-12-01,-1.0420954
-22.5,127.5,0.0,2020-12-01,-1.2318659
-22.5,132.5,0.0,2020-12-01,-1.3508973
-22.5,137.5,0.0,2020-12-01,0.60749066
-22.5,142.5,0.0,2020-12-01,0.9279932
-22.5,147.5,0.0,2020-12-01,1.0745289
-22.5,152.5,0.0,2020-12-01,0.4328265
-22.5,157.5,0.0,2020-12-01,0.31415194
-22.5,162.5,0.0,2020-12-01,0.45437342
-22.5,167.5,0.0,2020-12-01,0.43562934
-22.5,172.5,0.0,2020-12-01,0.3385878
-22.5,177.5,0.0,2020-12-01,0.47224295
-22.5,182.5,0.0,2020-12-01,0.65811074
-22.5,187.5,0.0,2020-12-01,0.7785736
-22.5,192.5,0.0,2020-12-01,0.9071519
-22.5,197.5,0.0,2020-12-01,0.99200535
-22.5,202.5,0.0,2020-12-01,1.0449243
-22.5,207.5,0.0,2020-12-01,1.1927831
-22.5,212.5,0.0,2020-12-01,1.0931624
-22.5,217.5,0.0,2020-12-01,1.0629097
-22.5,222.5,0.0,2020-12-01,0.8526659
-22.5,227.5,0.0,2020-12-01,0.5723529
-22.5,232.5,0.0,2020-12-01,0.19049484
-22.5,237.5,0.0,2020-12-01,-0.15961963
-22.5,242.5,0.0,2020-12-01,-0.35143808
-22.5,247.5,0.0,2020-12-01,-0.49942577
-22.5,252.5,0.0,2020-12-01,-0.60474145
-22.5,257.5,0.0,2020-12-01,-0.73415965
-22.5,262.5,0.0,2020-12-01,-0.8992753
-22.5,267.5,0.0,2020-12-01,-1.1189787
-22.5,272.5,0.0,2020-12-01,-1.3398097
-22.5,277.5,0.0,2020-12-01,-1.5445566
-22.5,282.5,0.0,2020-12-01,-1.5388051
-22.5,287.5,0.0,2020-12-01,-1.2392557
-22.5,292.5,0.0,2020-12-01,0.80962765
-22.5,297.5,0.0,2020-12-01,0.5650821
-22.5,302.5,0.0,2020-12-01,0.41462913
-22.5,307.5,0.0,2020-12-01,0.8546421
-22.5,312.5,0.0,2020-12-01,1.1419605
-22.5,317.5,0.0,2020-12-01,0.8805567
-22.5,322.5,0.0,2020-12-01,0.43848425
-22.5,327.5,0.0,2020-12-01,0.5319491
-22.5,332.5,0.0,2020-12-01,0.47923702
-22.5,337.5,0.0,2020-12-01,0.2325851
-22.5,342.5,0.0,2020-12-01,-0.0995683
-22.5,347.5,0.0,2020-12-01,-0.4146326
-22.5,352.5,0.0,2020-12-01,-0.5097747
-22.5,357.5,0.0,2020-12-01,-0.42779142
-17.5,2.5,0.0,2020-12-01,-0.39962378
-17.5,7.5,0.0,2020-12-01,-0.55540055
-17.5,12.5,0.0,2020-12-01,0.20157394
-17.5,17.5,0.0,2020-12-01,0.8377833
-17.5,22.5,0.0,2020-12-01,0.016533196
-17.5,27.5,0.0,2020-12-01,0.21141726
-17.5,32.5,0.0,2020-12-01,0.6075936
-17.5,37.5,0.0,2020-12-01,0.68544257
-17.5,42.5,0.0,2020-12-01,0.62772536
-17.5,47.5,0.0,2020-12-01,0.7973177
-17.5,52.5,0.0,2020-12-01,0.35894752
-17.5,57.5,0.0,2020-12-01,0.4445239
-17.5,62.5,0.0,2020-12-01,0.63099855
-17.5,67.5,0.0,2020-12-01,0.7427995
-17.5,72.5,0.0,2020-12-01,0.78261214
-17.5,77.5,0.0,2020-12-01,0.75035614
-17.5,82.5,0.0,2020-12-01,0.76399434
-17.5,87.5,0.0,2020-12-01,0.7378179
-17.5,92.5,0.0,2020-12-01,0.53809106
-17.5,97.5,0.0,2020-12-01,0.31599224
-17.5,102.5,0.0,2020-12-01,0.3261706
-17.5,107.5,0.0,2020-12-01,0.6101136
-17.5,112.5,0.0,2020-12-01,1.0956688
-17.5,117.5,0.0,2020-12-01,1.6869373
-17.5,122.5,0.0,2020-12-01,1.0777304
-17.5,127.5,0.0,2020-12-01,-1.1392298
-17.5,132.5,0.0,2020-12-01,-1.2194071
-17.5,137.5,0.0,2020-12-01,0.4324747
-17.5,142.5,0.0,2020-12-01,0.758378
-17.5,147.5,0.0,2020-12-01,0.52742076
-17.5,152.5,0.0,2020-12-01,0.38329342
-17.5,157.5,0.0,2020-12-01,0.38434038
-17.5,162.5,0.0,2020-12-01,0.41964814
-17.5,167.5,0.0,2020-12-01,0.42276782
-17.5,172.5,0.0,2020-12-01,0.3326196
-17.5,177.5,0.0,2020-12-01,0.42301822
-17.5,182.5,0.0,2020-12-01,0.48331282
-17.5,187.5,0.0,2020-12-01,0.48068112
-17.5,192.5,0.0,2020-12-01,0.49030292
-17.5,197.5,0.0,2020-12-01,0.57027817
-17.5,202.5,0.0,2020-12-01,0.6273395
-17.5,207.5,0.0,2020-12-01,0.5658354
-17.5,212.5,0.0,2020-12-01,0.42330593
-17.5,217.5,0.0,2020-12-01,0.21809882
-17.5,222.5,0.0,2020-12-01,-0.035665482
-17.5,227.5,0.0,2020-12-01,-0.35214332
-17.5,232.5,0.0,2020-12-01,-0.6303116
-17.5,237.5,0.0,2020-12-01,-0.78686345
-17.5,242.5,0.0,2020-12-01,-0.85333085
-17.5,247.5,0.0,2020-12-01,-0.8771586
-17.5,252.5,0.0,2020-12-01,-0.923054
-17.5,257.5,0.0,2020-12-01,-1.0097164
-17.5,262.5,0.0,2020-12-01,-1.0951372
-17.5,267.5,0.0,2020-12-01,-1.2212132
-17.5,272.5,0.0,2020-12-01,-1.325784
-17.5,277.5,0.0,2020-12-01,-1.3280587
-17.5,282.5,0.0,2020-12-01,-1.0896188
-17.5,287.5,0.0,2020-12-01,-0.80707747
-17.5,292.5,0.0,2020-12-01,0.8316887
-17.5,297.5,0.0,2020-12-01,0.8132802
-17.5,302.5,0.0,2020-12-01,1.4177785
-17.5,307.5,0.0,2020-12-01,1.2804818
-17.5,312.5,0.0,2020-12-01,1.2997911
-17.5,317.5,0.0,2020-12-01,1.2693657
-17.5,322.5,0.0,2020-12-01,0.43297774
-17.5,327.5,0.0,2020-12-01,0.23603049
-17.5,332.5,0.0,2020-12-01,-0.032197185
-17.5,337.5,0.0,2020-12-01,-0.3614018
-17.5,342.5,0.0,2020-12-01,-0.60205936
-17.5,347.5,0.0,2020-12-01,-0.7243119
-17.5,352.5,0.0,2020-12-01,-0.5284293
-17.5,357.5,0.0,2020-12-01,-0.5043632
-12.5,2.5,0.0,2020-12-01,-0.15513137
-12.5,7.5,0.0,2020-12-01,0.029954763
-12.5,12.5,0.0,2020-12-01,0.15036353
-12.5,17.5,0.0,2020-12-01,0.84849197
-12.5,22.5,0.0,2020-12-01,0.5504168
-12.5,27.5,0.0,2020-12-01,0.48821193
-12.5,32.5,0.0,2020-12-01,0.64380866
-12.5,37.5,0.0,2020-12-01,0.43364885
-12.5,42.5,0.0,2020-12-01,0.5987189
-12.5,47.5,0.0,2020-12-01,0.5230026
-12.5,52.5,0.0,2020-12-01,0.540367
-12.5,57.5,0.0,2020-12-01,0.7089851
-12.5,62.5,0.0,2020-12-01,0.8053193
-12.5,67.5,0.0,2020-12-01,0.8806612
-12.5,72.5,0.0,2020-12-01,0.9222723
-12.5,77.5,0.0,2020-12-01,0.9730933
-12.5,82.5,0.0,2020-12-01,0.92102
-12.5,87.5,0.0,2020-12-01,0.7876964
-12.5,92.5,0.0,2020-12-01,0.58680093
-12.5,97.5,0.0,2020-12-01,0.39308748
-12.5,102.5,0.0,2020-12-01,0.24898207
-12.5,107.5,0.0,2020-12-01,0.26340532
-12.5,112.5,0.0,2020-12-01,0.43705648
-12.5,117.5,0.0,2020-12-01,0.7887095
-12.5,122.5,0.0,2020-12-01,1.0252869
-12.5,127.5,0.0,2020-12-01,0.8947243
-12.5,132.5,0.0,2020-12-01,0.27439928
-12.5,137.5,0.0,2020-12-01,0.55174154
-12.5,142.5,0.0,2020-12-01,0.56926936
-12.5,147.5,0.0,2020-12-01,0.4829498
-12.5,152.5,0.0,2020-12-01,0.48673004
-12.5,157.5,0.0,2020-12-01,0.4783294
-12.5,162.5,0.0,2020-12-01,0.5200459
-12.5,167.5,0.0,2020-12-01,0.45389974
-12.5,172.5,0.0,2020-12-01,0.3655532
-12.5,177.5,0.0,2020-12-01,0.29899195
-12.5,182.5,0.0,2020-12-01,0.26620585
-12.5,187.5,0.0,2020-12-01,0.20723328
-12.5,192.5,0.0,2020-12-01,0.17944887
-12.5,197.5,0.0,2020-12-01,0.14300224
-12.5,202.5,0.0,2020-12-01,0.1329112
-12.5,207.5,0.0,2020-12-01,-0.018309588
-12.5,212.5,0.0,2020-12-01,-0.13271801
-12.5,217.5,0.0,2020-12-01,-0.43312398
-12.5,222.5,0.0,2020-12-01,-0.5229403
-12.5,227.5,0.0,2020-12-01,-0.83092904
-12.5,232.5,0.0,2020-12-01,-0.97378653
-12.5,237.5,0.0,2020-12-01,-1.0534179
-12.5,242.5,0.0,2020-12-01,-1.0932682
-12.5,247.5,0.0,2020-12-01,-1.1115328
-12.5,252.5,0.0,2020-12-01,-1.1075907
-12.5,257.5,0.0,2020-12-01,-1.0954133
-12.5,262.5,0.0,2020-12-01,-0.99788326
-12.5,267.5,0.0,2020-12-01,-0.88758117
-12.5,272.5,0.0,2020-12-01,-0.82922417
-12.5,277.5,0.0,2020-12-01,-0.8632352
-12.5,282.5,0.0,2020-12-01,-0.7870705
-12.5,287.5,0.0,2020-12-01,0.60042524
-12.5,292.5,0.0,2020-12-01,0.4999238
-12.5,297.5,0.0,2020-12-01,0.60740256
-12.5,302.5,0.0,2020-12-01,0.9663662
-12.5,307.5,0.0,2020-12-01,0.90209126
-12.5,312.5,0.0,2020-12-01,1.428879
-12.5,317.5,0.0,2020-12-01,0.9864223
-12.5,322.5,0.0,2020-12-01,0.563702
-12.5,327.5,0.0,2020-12-01,0.27033085
-12.5,332.5,0.0,2020-12-01,0.110182
-12.5,337.5,0.0,2020-12-01,-0.12742163
-12.5,342.5,0.0,2020-12-01,-0.32587448
-12.5,347.5,0.0,2020-12-01,-0.47399768
-12.5,352.5,0.0,2020-12-01,-0.50015014
-12.5,357.5,0.0,2020-12-01,-0.45208356
-7.5,2.5,0.0,2020-12-01,0.23779483
-7.5,7.5,0.0,2020-12-01,0.46036452
-7.5,12.5,0.0,2020-12-01,0.3707446
-7.5,17.5,0.0,2020-12-01,0.77478546
-7.5,22.5,0.0,2020-12-01,0.64396
-7.5,27.5,0.0,2020-12-01,0.63619715
-7.5,32.5,0.0,2020-12-01,0.72780025
-7.5,37.5,0.0,2020-12-01,0.8659767
-7.5,42.5,0.0,2020-12-01,0.47361398
-7.5,47.5,0.0,2020-12-01,0.4503203
-7.5,52.5,0.0,2020-12-01,0.39082867
-7.5,57.5,0.0,2020-12-01,0.453067
-7.5,62.5,0.0,2020-12-01,0.42827287
-7.5,67.5,0.0,2020-12-01,0.4026193
-7.5,72.5,0.0,2020-12-01,0.5515251
-7.5,77.5,0.0,2020-12-01,0.62861866
-7.5,82.5,0.0,2020-12-01,0.624412
-7.5,87.5,0.0,2020-12-01,0.52567846
-7.5,92.5,0.0,2020-12-01,0.32208174
-7.5,97.5,0.0,2020-12-01,0.095308356
-7.5,102.5,0.0,2020-12-01,-0.058457725
-7.5,107.5,0.0,2020-12-01,-0.14346468
-7.5,112.5,0.0,2020-12-01,-0.2601518
-7.5,117.5,0.0,2020-12-01,-0.092310205
-7.5,122.5,0.0,2020-12-01,0.081054755
-7.5,127.5,0.0,2020-12-01,0.2667764
-7.5,132.5,0.0,2020-12-01,0.3255696
-7.5,137.5,0.0,2020-12-01,0.32995567
-7.5,142.5,0.0,2020-12-01,0.4507239
-7.5,147.5,0.0,2020-12-01,0.6115564
-7.5,152.5,0.0,2020-12-01,0.48053172
-7.5,157.5,0.0,2020-12-01,0.5335796
-7.5,162.5,0.0,2020-12-01,0.5061838
-7.5,167.5,0.0,2020-12-01,0.37738296
-7.5,172.5,0.0,2020-12-01,0.26722956
-7.5,177.5,0.0,2020-12-01,0.14821382
-7.5,182.5,0.0,2020-12-01,-0.037000168
-7.5,187.5,0.0,2020-12-01,-0.06438197
-7.5,192.5,0.0,2020-12-01,-0.28678396
-7.5,197.5,0.0,2020-12-01,-0.34878305
-7.5,202.5,0.0,2020-12-01,-0.25000027
-7.5,207.5,0.0,2020-12-01,-0.44825262
-7.5,212.5,0.0,2020-12-01,-0.58072186
-7.5,217.5,0.0,2020-12-01,-0.72263443
-7.5,222.5,0.0,2020-12-01,-0.6977282
-7.5,227.5,0.0,2020-12-01,-0.94515854
-7.5,232.5,0.0,2020-12-01,-1.0241184
-7.5,237.5,0.0,2020-12-01,-1.0538088
-7.5,242.5,0.0,2020-12-01,-1.0338746
-7.5,247.5,0.0,2020-12-01,-0.98275733
-7.5,252.5,0.0,2020-12-01,-0.93829095
-7.5,257.5,0.0,2020-12-01,-0.86915797
-7.5,262.5,0.0,2020-12-01,-0.681719
-7.5,267.5,0.0,2020-12-01,-0.46738616
-7.5,272.5,0.0,2020-12-01,-0.49410868
-7.5,277.5,0.0,2020-12-01,-1.059477
-7.5,282.5,0.0,2020-12-01,0.23696789
-7.5,287.5,0.0,2020-12-01,0.46636522
-7.5,292.5,0.0,2020-12-01,0.5624038
-7.5,297.5,0.0,2020-12-01,0.8255187
-7.5,302.5,0.0,2020-12-01,1.1187468
-7.5,307.5,0.0,2020-12-01,0.93563914
-7.5,312.5,0.0,2020-12-01,0.6623938
-7.5,317.5,0.0,2020-12-01,0.8468118
-7.5,322.5,0.0,2020-12-01,0.6051276
-7.5,327.5,0.0,2020-12-01,0.410484
-7.5,332.5,0.0,2020-12-01,0.19471148
-7.5,337.5,0.0,2020-12-01,-0.04825309
-7.5,342.5,0.0,2020-12-01,-0.21513388
-7.5,347.5,0.0,2020-12-01,-0.22759625
-7.5,352.5,0.0,2020-12-01,-0.32774714
-7.5,357.5,0.0,2020-12-01,-0.15374163
-2.5,2.5,0.0,2020-12-01,0.17433281
-2.5,7.5,0.0,2020-12-01,0.21160522
-2.5,12.5,0.0,2020-12-01,0.6721771
-2.5,17.5,0.0,2020-12-01,1.0957519
-2.5,22.5,0.0,2020-12-01,0.9065941
-2.5,27.5,0.0,2020-12-01,0.927872
-2.5,32.5,0.0,2020-12-01,1.0213691
-2.5,37.5,0.0,2020-12-01,1.747438
-2.5,42.5,0.0,2020-12-01,0.35347226
-2.5,47.5,0.0,2020-12-01,0.20916824
-2.5,52.5,0.0,2020-12-01,0.14423172
-2.5,57.5,0.0,2020-12-01,0.24030045
-2.5,62.5,0.0,2020-12-01,0.06058037
-2.5,67.5,0.0,2020-12-01,-0.019707566
-2.5,72.5,0.0,2020-12-01,0.054170303
-2.5,77.5,0.0,2020-12-01,0.21274994
-2.5,82.5,0.0,2020-12-01,0.31942627
-2.5,87.5,0.0,2020-12-01,0.3780922
-2.5,92.5,0.0,2020-12-01,0.28464004
-2.5,97.5,0.0,2020-12-01,0.10409256
-2.5,102.5,0.0,2020-12-01,0.6315331
-2.5,107.5,0.0,2020-12-01,-0.069157
-2.5,112.5,0.0,2020-12-01,0.43644792
-2.5,117.5,0.0,2020-12-01,0.16005856
-2.5,122.5,0.0,2020-12-01,0.17882486
-2.5,127.5,0.0,2020-12-01,0.32820922
-2.5,132.5,0.0,2020-12-01,0.5895391
-2.5,137.5,0.0,2020-12-01,0.85837865
-2.5,142.5,0.0,2020-12-01,0.868616
-2.5,147.5,0.0,2020-12-01,0.7135515
-2.5,152.5,0.0,2020-12-01,0.5099392
-2.5,157.5,0.0,2020-12-01,0.22763778
-2.5,162.5,0.0,2020-12-01,0.04353302
-2.5,167.5,0.0,2020-12-01,-0.0685261
-2.5,172.5,0.0,2020-12-01,-0.33175185
-2.5,177.5,0.0,2020-12-01,-0.40385315
-2.5,182.5,0.0,2020-12-01,-0.72310746
-2.5,187.5,0.0,2020-12-01,-0.93540084
-2.5,192.5,0.0,2020-12-01,-1.1117936
-2.5,197.5,0.0,2020-12-01,-1.1517329
-2.5,202.5,0.0,2020-12-01,-1.1224089
-2.5,207.5,0.0,2020-12-01,-1.1279272
-2.5,212.5,0.0,2020-12-01,-1.171545
-2.5,217.5,0.0,2020-12-01,-1.1769552
-2.5,222.5,0.0,2020-12-01,-1.172071
-2.5,227.5,0.0,2020-12-01,-1.1751131
-2.5,232.5,0.0,2020-12-01,-1.1503513
-2.5,237.5,0.0,2020-12-01,-1.1079417
-2.5,242.5,0.0,2020-12-01,-1.0478061
-2.5,247.5,0.0,2020-12-01,-1.0000608
-2.5,252.5,0.0,2020-12-01,-0.9371079
-2.5,257.5,0.0,2020-12-01,-0.8279489
-2.5,262.5,0.0,2020-12-01,-0.62087095
-2.5,267.5,0.0,2020-12-01,-0.46048677
-2.5,272.5,0.0,2020-12-01,-0.60998964
-2.5,277.5,0.0,2020-12-01,-1.024945
-2.5,282.5,0.0,2020-12-01,0.60515875
-2.5,287.5,0.0,2020-12-01,0.22570443
-2.5,292.5,0.0,2020-12-01,0.43305176
-2.5,297.5,0.0,2020-12-01,0.86480665
-2.5,302.5,0.0,2020-12-01,0.86256385
-2.5,307.5,0.0,2020-12-01,0.54554623
-2.5,312.5,0.0,2020-12-01,1.0299747
-2.5,317.5,0.0,2020-12-01,0.8290341
-2.5,322.5,0.0,2020-12-01,0.63990647
-2.5,327.5,0.0,2020-12-01,0.40861794
-2.5,332.5,0.0,2020-12-01,0.18164314
-2.5,337.5,0.0,2020-12-01,-0.09221703
-2.5,342.5,0.0,2020-12-01,-0.24554832
-2.5,347.5,0.0,2020-12-01,-0.19408661
-2.5,352.5,0.0,2020-12-01,-0.051483765
-2.5,357.5,0.0,2020-12-01,0.069032975
2.5,2.5,0.0,2020-12-01,0.6681745
2.5,7.5,0.0,2020-12-01,0.6516134
2.5,12.5,0.0,2020-12-01,1.044334
2.5,17.5,0.0,2020-12-01,1.6220434
2.5,22.5,0.0,2020-12-01,0.97201735
2.5,27.5,0.0,2020-12-01,1.0460006
2.5,32.5,0.0,2020-12-01,0.96951175
2.5,37.5,0.0,2020-12-01,1.3444963
2.5,42.5,0.0,2020-12-01,1.1598972
2.5,47.5,0.0,2020-12-01,0.46062323
2.5,52.5,0.0,2020-12-01,0.045595855
2.5,57.5,0.0,2020-12-01,0.014221115
2.5,62.5,0.0,2020-12-01,2.3651123e-06
2.5,67.5,0.0,2020-12-01,0.034181442
2.5,72.5,0.0,2020-12-01,0.13617486
2.5,77.5,0.0,2020-12-01,0.3022014
2.5,82.5,0.0,2020-12-01,0.43001968
2.5,87.5,0.0,2020-12-01,0.5418399
2.5,92.5,0.0,2020-12-01,0.50673246
2.5,97.5,0.0,2020-12-01,0.5042784
2.5,102.5,0.0,2020-12-01,0.5344178
2.5,107.5,0.0,2020-12-01,0.004416313
2.5,112.5,0.0,2020-12-01,0.47842747
2.5,117.5,0.0,2020-12-01,0.6846882
2.5,122.5,0.0,2020-12-01,0.5356825
2.5,127.5,0.0,2020-12-01,0.71182066
2.5,132.5,0.0,2020-12-01,0.9751355
2.5,137.5,0.0,2020-12-01,1.1092906
2.5,142.5,0.0,2020-12-01,0.98569196
2.5,147.5,0.0,2020-12-01,0.74736947
2.5,152.5,0.0,2020-12-01,0.5229798
2.5,157.5,0.0,2020-12-01,0.24893494
2.5,162.5,0.0,2020-12-01,-0.00019485474
2.5,167.5,0.0,2020-12-01,-0.2990239
2.5,172.5,0.0,2020-12-01,-0.41495466
2.5,177.5,0.0,2020-12-01,-0.6971237
2.5,182.5,0.0,2020-12-01,-0.8861885
2.5,187.5,0.0,2020-12-01,-1.1073238
2.5,192.5,0.0,2020-12-01,-1.313513
2.5,197.5,0.0,2020-12-01,-1.3469586
2.5,202.5,0.0,2020-12-01,-1.2807028
2.5,207.5,0.0,2020-12-01,-1.265889
2.5,212.5,0.0,2020-12-01,-1.2861387
2.5,217.5,0.0,2020-12-01,-1.1914573
2.5,222.5,0.0,2020-12-01,-1.1114724
2.5,227.5,0.0,2020-12-01,-1.0339973
2.5,232.5,0.0,2020-12-01,-0.9267001
2.5,237.5,0.0,2020-12-01,-0.73330045
2.5,242.5,0.0,2020-12-01,-0.61973345
2.5,247.5,0.0,2020-12-01,-0.6158839
2.5,252.5,0.0,2020-12-01,-0.62289953
2.5,257.5,0.0,2020-12-01,-0.532706
2.5,262.5,0.0,2020-12-01,-0.40567932
2.5,267.5,0.0,2020-12-01,-0.41138747
2.5,272.5,0.0,2020-12-01,-0.48656693
2.5,277.5,0.0,2020-12-01,-0.45296714
2.5,282.5,0.0,2020-12-01,0.6026788
2.5,287.5,0.0,2020-12-01,1.0918852
2.5,292.5,0.0,2020-12-01,0.979187
2.5,297.5,0.0,2020-12-01,0.9264538
2.5,302.5,0.0,2020-12-01,1.1343017
2.5,307.5,0.0,2020-12-01,0.9915666
2.5,312.5,0.0,2020-12-01,0.7309019
2.5,317.5,0.0,2020-12-01,0.76594955
2.5,322.5,0.0,2020-12-01,0.6931879
2.5,327.5,0.0,2020-12-01,0.5369459
2.5,332.5,0.0,2020-12-01,0.38323462
2.5,337.5,0.0,2020-12-01,0.24697502
2.5,342.5,0.0,2020-12-01,0.1566967
2.5,347.5,0.0,2020-12-01,0.28432053
2.5,352.5,0.0,2020-12-01,0.53192896
2.5,357.5,0.0,2020-12-01,0.5663604
7.5,2.5,0.0,2020-12-01,1.4970343
7.5,7.5,0.0,2020-12-01,1.4314042
7.5,12.5,0.0,2020-12-01,2.053135
7.5,17.5,0.0,2020-12-01,1.5089649
7.5,22.5,0.0,2020-12-01,1.6959894
7.5,27.5,0.0,2020-12-01,1.7909427
7.5,32.5,0.0,2020-12-01,1.4674656
7.5,37.5,0.0,2020-12-01,1.4975721
7.5,42.5,0.0,2020-12-01,1.7932475
7.5,47.5,0.0,2020-12-01,1.7144597
7.5,52.5,0.0,2020-12-01,0.23717865
7.5,57.5,0.0,2020-12-01,0.2709002
7.5,62.5,0.0,2020-12-01,0.27842224
7.5,67.5,0.0,2020-12-01,0.27081963
7.5,72.5,0.0,2020-12-01,0.389281
7.5,77.5,0.0,2020-12-01,0.50090396
7.5,82.5,0.0,2020-12-01,0.35384157
7.5,87.5,0.0,2020-12-01,0.5522908
7.5,92.5,0.0,2020-12-01,0.5757228
7.5,97.5,0.0,2020-12-01,0.42072305
7.5,102.5,0.0,2020-12-01,0.18889995
7.5,107.5,0.0,2020-12-01,-0.22961652
7.5,112.5,0.0,2020-12-01,-0.022514813
7.5,117.5,0.0,2020-12-01,0.5254909
7.5,122.5,0.0,2020-12-01,0.7077119
7.5,127.5,0.0,2020-12-01,0.89553076
7.5,132.5,0.0,2020-12-01,1.023028
7.5,137.5,0.0,2020-12-01,1.0116875
7.5,142.5,0.0,2020-12-01,0.9500053
7.5,147.5,0.0,2020-12-01,0.82082325
7.5,152.5,0.0,2020-12-01,0.7027564
7.5,157.5,0.0,2020-12-01,0.60935736
7.5,162.5,0.0,2020-12-01,0.40021136
7.5,167.5,0.0,2020-12-01,0.18257858
7.5,172.5,0.0,2020-12-01,0.057238445
7.5,177.5,0.0,2020-12-01,-0.12436429
7.5,182.5,0.0,2020-12-01,-0.22346772
7.5,187.5,0.0,2020-12-01,-0.28128278
7.5,192.5,0.0,2020-12-01,-0.37742418
7.5,197.5,0.0,2020-12-01,-0.44612142
7.5,202.5,0.0,2020-12-01,-0.45277032
7.5,207.5,0.0,2020-12-01,-0.49771467
7.5,212.5,0.0,2020-12-01,-0.58070034
7.5,217.5,0.0,2020-12-01,-0.56146896
7.5,222.5,0.0,2020-12-01,-0.5347193
7.5,227.5,0.0,2020-12-01,-0.4725747
7.5,232.5,0.0,2020-12-01,-0.3974815
7.5,237.5,0.0,2020-12-01,-0.16337863
7.5,242.5,0.0,2020-12-01,-0.036108665
7.5,247.5,0.0,2020-12-01,-0.018397255
7.5,252.5,0.0,2020-12-01,-0.027733956
7.5,257.5,0.0,2020-12-01,0.008245807
7.5,262.5,0.0,2020-12-01,0.06400234
7.5,267.5,0.0,2020-12-01,0.019729547
7.5,272.5,0.0,2020-12-01,0.03759642
7.5,277.5,0.0,2020-12-01,0.39632097
7.5,282.5,0.0,2020-12-01,0.6306181
7.5,287.5,0.0,2020-12-01,0.9988338
7.5,292.5,0.0,2020-12-01,1.1830899
7.5,297.5,0.0,2020-12-01,1.2539202
7.5,302.5,0.0,2020-12-01,0.9040787
7.5,307.5,0.0,2020-12-01,0.6092455
7.5,312.5,0.0,2020-12-01,0.50527084
7.5,317.5,0.0,2020-12-01,0.51843184
7.5,322.5,0.0,2020-12-01,0.6666678
7.5,327.5,0.0,2020-12-01,0.7885835
7.5,332.5,0.0,2020-12-01,0.8833406
7.5,337.5,0.0,2020-12-01,0.9577383
7.5,342.5,0.0,2020-12-01,0.9558979
7.5,347.5,0.0,2020-12-01,0.85959685
7.5,352.5,0.0,2020-12-01,1.6299365
7.5,357.5,0.0,2020-12-01,1.5963632
12.5,2.5,0.0,2020-12-01,1.8363724
12.5,7.5,0.0,2020-12-01,2.8441186
12.5,12.5,0.0,2020-12-01,2.7637591
12.5,17.5,0.0,2020-12-01,2.5086665
12.5,22.5,0.0,2020-12-01,2.4938445
12.5,27.5,0.0,2020-12-01,2.0098503
12.5,32.5,0.0,2020-12-01,1.674543
12.5,37.5,0.0,2020-12-01,1.6368618
12.5,42.5,0.0,2020-12-01,1.4007463
12.5,47.5,0.0,2020-12-01,0.9550693
12.5,52.5,0.0,2020-12-01,0.2706516
12.5,57.5,0.0,2020-12-01,0.36542022
12.5,62.5,0.0,2020-12-01,0.436552
12.5,67.5,0.0,2020-12-01,0.4123249
12.5,72.5,0.0,2020-12-01,0.4678783
12.5,77.5,0.0,2020-12-01,0.6731197
12.5,82.5,0.0,2020-12-01,0.20632961
12.5,87.5,0.0,2020-12-01,0.45677355
12.5,92.5,0.0,2020-12-01,0.6045732
12.5,97.5,0.0,2020-12-01,0.55469847
12.5,102.5,0.0,2020-12-01,0.7604305
12.5,107.5,0.0,2020-12-01,0.5148102
12.5,112.5,0.0,2020-12-01,0.011749211
12.5,117.5,0.0,2020-12-01,0.609202
12.5,122.5,0.0,2020-12-01,0.8155583
12.5,127.5,0.0,2020-12-01,0.9746945
12.5,132.5,0.0,2020-12-01,1.1046638
12.5,137.5,0.0,2020-12-01,0.9832749
12.5,142.5,0.0,2020-12-01,0.8764295
12.5,147.5,0.0,2020-12-01,0.78480333
12.5,152.5,0.0,2020-12-01,0.7313043
12.5,157.5,0.0,2020-12-01,0.66121006
12.5,162.5,0.0,2020-12-01,0.50238025
12.5,167.5,0.0,2020-12-01,0.3547629
12.5,172.5,0.0,2020-12-01,0.28637484
12.5,177.5,0.0,2020-12-01,0.22675464
12.5,182.5,0.0,2020-12-01,0.20066708
12.5,187.5,0.0,2020-12-01,0.21977109
12.5,192.5,0.0,2020-12-01,0.22309919
12.5,197.5,0.0,2020-12-01,0.19352327
12.5,202.5,0.0,2020-12-01,0.13475999
12.5,207.5,0.0,2020-12-01,0.049189843
12.5,212.5,0.0,2020-12-01,-0.055267703
12.5,217.5,0.0,2020-12-01,-0.086322844
12.5,222.5,0.0,2020-12-01,-0.09763265
12.5,227.5,0.0,2020-12-01,-0.12743421
12.5,232.5,0.0,2020-12-01,-0.088488765
12.5,237.5,0.0,2020-12-01,0.18838666
12.5,242.5,0.0,2020-12-01,0.343903
12.5,247.5,0.0,2020-12-01,0.3070279
12.5,252.5,0.0,2020-12-01,0.30588654
12.5,257.5,0.0,2020-12-01,0.41644529
12.5,262.5,0.0,2020-12-01,0.30045637
12.5,267.5,0.0,2020-12-01,0.4014033
12.5,272.5,0.0,2020-12-01,0.3249001
12.5,277.5,0.0,2020-12-01,0.7241819
12.5,282.5,0.0,2020-12-01,0.8607335
12.5,287.5,0.0,2020-12-01,0.9553304
12.5,292.5,0.0,2020-12-01,1.0566304
12.5,297.5,0.0,2020-12-01,0.9713248
12.5,302.5,0.0,2020-12-01,0.83857346
12.5,307.5,0.0,2020-12-01,0.58664846
12.5,312.5,0.0,2020-12-01,0.44058365
12.5,317.5,0.0,2020-12-01,0.3357924
12.5,322.5,0.0,2020-12-01,0.38375786
12.5,327.5,0.0,2020-12-01,0.56399286
12.5,332.5,0.0,2020-12-01,0.7816813
12.5,337.5,0.0,2020-12-01,0.91384745
12.5,342.5,0.0,2020-12-01,1.063007
12.5,347.5,0.0,2020-12-01,1.8323967
12.5,352.5,0.0,2020-12-01,2.2262936
12.5,357.5,0.0,2020-12-01,2.35432
17.5,2.5,0.0,2020-12-01,1.868336
17.5,7.5,0.0,2020-12-01,2.8194938
17.5,12.5,0.0,2020-12-01,2.3058016
17.5,17.5,0.0,2020-12-01,2.9064317
17.5,22.5,0.0,2020-12-01,2.9352486
17.5,27.5,0.0,2020-12-01,2.8629777
17.5,32.5,0.0,2020-12-01,2.3330193
17.5,37.5,0.0,2020-12-01,1.1520704
17.5,42.5,0.0,2020-12-01,1.0528116
17.5,47.5,0.0,2020-12-01,2.1541035
17.5,52.5,0.0,2020-12-01,1.66643
17.5,57.5,0.0,2020-12-01,0.45270807
17.5,62.5,0.0,2020-12-01,0.29655048
17.5,67.5,0.0,2020-12-01,0.35654083
17.5,72.5,0.0,2020-12-01,0.5390295
17.5,77.5,0.0,2020-12-01,0.9788066
17.5,82.5,0.0,2020-12-01,0.32536367
17.5,87.5,0.0,2020-12-01,0.24388525
17.5,92.5,0.0,2020-12-01,0.53958607
17.5,97.5,0.0,2020-12-01,1.4810882
17.5,102.5,0.0,2020-12-01,1.0799528
17.5,107.5,0.0,2020-12-01,-0.525254
17.5,112.5,0.0,2020-12-01,-0.24722189
17.5,117.5,0.0,2020-12-01,0.52659327
17.5,122.5,0.0,2020-12-01,0.9570542
17.5,127.5,0.0,2020-12-01,1.0586914
17.5,132.5,0.0,2020-12-01,1.219191
17.5,137.5,0.0,2020-12-01,1.2619604
17.5,142.5,0.0,2020-12-01,1.148547
17.5,147.5,0.0,2020-12-01,1.0073067
17.5,152.5,0.0,2020-12-01,0.94060445
17.5,157.5,0.0,2020-12-01,0.82874125
17.5,162.5,0.0,2020-12-01,0.70519245
17.5,167.5,0.0,2020-12-01,0.5755306
17.5,172.5,0.0,2020-12-01,0.6198148
17.5,177.5,0.0,2020-12-01,0.6149232
17.5,182.5,0.0,2020-12-01,0.58964586
17.5,187.5,0.0,2020-12-01,0.60085696
17.5,192.5,0.0,2020-12-01,0.6219636
17.5,197.5,0.0,2020-12-01,0.62688804
17.5,202.5,0.0,2020-12-01,0.65626866
17.5,207.5,0.0,2020-12-01,0.57542574
17.5,212.5,0.0,2020-12-01,0.48389277
17.5,217.5,0.0,2020-12-01,0.38136178
17.5,222.5,0.0,2020-12-01,0.41642016
17.5,227.5,0.0,2020-12-01,0.42451757
17.5,232.5,0.0,2020-12-01,0.399586
17.5,237.5,0.0,2020-12-01,0.5996313
17.5,242.5,0.0,2020-12-01,0.7596275
17.5,247.5,0.0,2020-12-01,0.5684864
17.5,252.5,0.0,2020-12-01,0.08751061
17.5,257.5,0.0,2020-12-01,0.44667876
17.5,262.5,0.0,2020-12-01,0.6193476
17.5,267.5,0.0,2020-12-01,0.14492626
17.5,272.5,0.0,2020-12-01,0.4351746
17.5,277.5,0.0,2020-12-01,0.49333763
17.5,282.5,0.0,2020-12-01,0.65616894
17.5,287.5,0.0,2020-12-01,0.68926364
17.5,292.5,0.0,2020-12-01,0.7926781
17.5,297.5,0.0,2020-12-01,0.79223114
17.5,302.5,0.0,2020-12-01,0.68856543
17.5,307.5,0.0,2020-12-01,0.5533227
17.5,312.5,0.0,2020-12-01,0.44162503
17.5,317.5,0.0,2020-12-01,0.2678971
17.5,322.5,0.0,2020-12-01,0.16306053
17.5,327.5,0.0,2020-12-01,0.26627257
17.5,332.5,0.0,2020-12-01,0.45247197
17.5,337.5,0.0,2020-12-01,0.5042968
17.5,342.5,0.0,2020-12-01,0.4427831
17.5,347.5,0.0,2020-12-01,1.7145674
17.5,352.5,0.0,2020-12-01,1.8081164
17.5,357.5,0.0,2020-12-01,1.661619
22.5,2.5,0.0,2020-12-01,1.9949753
22.5,7.5,0.0,2020-12-01,1.845557
22.5,12.5,0.0,2020-12-01,2.2914965
22.5,17.5,0.0,2020-12-01,2.3585293
22.5,22.5,0.0,2020-12-01,2.7771223
22.5,27.5,0.0,2020-12-01,2.7206175
22.5,32.5,0.0,2020-12-01,2.277664
22.5,37.5,0.0,2020-12-01,1.3441248
22.5,42.5,0.0,2020-12-01,1.6865807
22.5,47.5,0.0,2020-12-01,1.5280551
22.5,52.5,0.0,2020-12-01,1.8395213
22.5,57.5,0.0,2020-12-01,0.47825933
22.5,62.5,0.0,2020-12-01,0.28373164
22.5,67.5,0.0,2020-12-01,0.29011816
22.5,72.5,0.0,2020-12-01,0.30145228
22.5,77.5,0.0,2020-12-01,0.7330106
22.5,82.5,0.0,2020-12-01,0.7023266
22.5,87.5,0.0,2020-12-01,0.47920513
22.5,92.5,0.0,2020-12-01,0.45647368
22.5,97.5,0.0,2020-12-01,2.0643628
22.5,102.5,0.0,2020-12-01,1.2616322
22.5,107.5,0.0,2020-12-01,-1.0645903
22.5,112.5,0.0,2020-12-01,-0.5180345
22.5,117.5,0.0,2020-12-01,0.40104827
22.5,122.5,0.0,2020-12-01,1.0000683
22.5,127.5,0.0,2020-12-01,1.1921273
22.5,132.5,0.0,2020-12-01,1.2577435
22.5,137.5,0.0,2020-12-01,1.282948
22.5,142.5,0.0,2020-12-01,1.1865642
22.5,147.5,0.0,2020-12-01,1.1903875
22.5,152.5,0.0,2020-12-01,1.1014698
22.5,157.5,0.0,2020-12-01,1.129812
22.5,162.5,0.0,2020-12-01,0.962593
22.5,167.5,0.0,2020-12-01,0.8730998
22.5,172.5,0.0,2020-12-01,0.8982764
22.5,177.5,0.0,2020-12-01,0.9073073
22.5,182.5,0.0,2020-12-01,0.90332
22.5,187.5,0.0,2020-12-01,0.9247202
22.5,192.5,0.0,2020-12-01,0.9840498
22.5,197.5,0.0,2020-12-01,1.0578322
22.5,202.5,0.0,2020-12-01,1.1099845
22.5,207.5,0.0,2020-12-01,1.0567564
22.5,212.5,0.0,2020-12-01,0.8971499
22.5,217.5,0.0,2020-12-01,0.64578164
22.5,222.5,0.0,2020-12-01,0.5536014
22.5,227.5,0.0,2020-12-01,0.62252843
22.5,232.5,0.0,2020-12-01,0.704414
22.5,237.5,0.0,2020-12-01,0.8260704
22.5,242.5,0.0,2020-12-01,0.9364272
22.5,247.5,0.0,2020-12-01,0.42937422
22.5,252.5,0.0,2020-12-01,-0.5722682
22.5,257.5,0.0,2020-12-01,0.7269459
22.5,262.5,0.0,2020-12-01,0.689681
22.5,267.5,0.0,2020-12-01,0.40109295
22.5,272.5,0.0,2020-12-01,0.16896966
22.5,277.5,0.0,2020-12-01,-0.018081393
22.5,282.5,0.0,2020-12-01,0.12979396
22.5,287.5,0.0,2020-12-01,0.5074839
22.5,292.5,0.0,2020-12-01,0.6981877
22.5,297.5,0.0,2020-12-01,0.7711199
22.5,302.5,0.0,2020-12-01,0.67353386
22.5,307.5,0.0,2020-12-01,0.5462129
22.5,312.5,0.0,2020-12-01,0.38411957
22.5,317.5,0.0,2020-12-01,0.22797285
22.5,322.5,0.0,2020-12-01,0.13108805
22.5,327.5,0.0,2020-12-01,0.20783979
22.5,332.5,0.0,2020-12-01,0.3469454
22.5,337.5,0.0,2020-12-01,0.42946714
22.5,342.5,0.0,2020-12-01,0.5470708
22.5,347.5,0.0,2020-12-01,0.8437513
22.5,352.5,0.0,2020-12-01,1.0477284
22.5,357.5,0.0,2020-12-01,1.3531469
27.5,2.5,0.0,2020-12-01,1.4162637
27.5,7.5,0.0,2020-12-01,1.2482431
27.5,12.5,0.0,2020-12-01,2.0546472
27.5,17.5,0.0,2020-12-01,2.173116
27.5,22.5,0.0,2020-12-01,2.049022
27.5,27.5,0.0,2020-12-01,2.1874094
27.5,32.5,0.0,2020-12-01,2.1621397
27.5,37.5,0.0,2020-12-01,1.9303012
27.5,42.5,0.0,2020-12-01,2.0242817
27.5,47.5,0.0,2020-12-01,1.3974696
27.5,52.5,0.0,2020-12-01,1.055851
27.5,57.5,0.0,2020-12-01,0.85376906
27.5,62.5,0.0,2020-12-01,-0.69385767
27.5,67.5,0.0,2020-12-01,-0.0510014
27.5,72.5,0.0,2020-12-01,0.09738171
27.5,77.5,0.0,2020-12-01,0.211547
27.5,82.5,0.0,2020-12-01,0.51604164
27.5,87.5,0.0,2020-12-01,0.5259391
27.5,92.5,0.0,2020-12-01,1.6074123
27.5,97.5,0.0,2020-12-01,1.419797
27.5,102.5,0.0,2020-12-01,1.4151205
27.5,107.5,0.0,2020-12-01,-1.898011
27.5,112.5,0.0,2020-12-01,-1.1142455
27.5,117.5,0.0,2020-12-01,0.26915118
27.5,122.5,0.0,2020-12-01,0.67715824
27.5,127.5,0.0,2020-12-01,1.3393668
27.5,132.5,0.0,2020-12-01,1.2280582
27.5,137.5,0.0,2020-12-01,1.1072232
27.5,142.5,0.0,2020-12-01,0.9572249
27.5,147.5,0.0,2020-12-01,0.9418905
27.5,152.5,0.0,2020-12-01,1.012632
27.5,157.5,0.0,2020-12-01,1.1727
27.5,162.5,0.0,2020-12-01,1.149789
27.5,167.5,0.0,2020-12-01,1.0896909
27.5,172.5,0.0,2020-12-01,1.0074017
27.5,177.5,0.0,2020-12-01,0.9431614
27.5,182.5,0.0,2020-12-01,0.9279548
27.5,187.5,0.0,2020-12-01,1.0544589
27.5,192.5,0.0,2020-12-01,1.1977398
27.5,197.5,0.0,2020-12-01,1.3366863
27.5,202.5,0.0,2020-12-01,1.5143281
27.5,207.5,0.0,2020-12-01,1.6211941
27.5,212.5,0.0,2020-12-01,1.4423405
27.5,217.5,0.0,2020-12-01,1.1046661
27.5,222.5,0.0,2020-12-01,0.71689785
27.5,227.5,0.0,2020-12-01,0.46973822
27.5,232.5,0.0,2020-12-01,0.43899903
27.5,237.5,0.0,2020-12-01,0.31325352
27.5,242.5,0.0,2020-12-01,0.1336025
27.5,247.5,0.0,2020-12-01,-0.39554948
27.5,252.5,0.0,2020-12-01,-0.37454122
27.5,257.5,0.0,2020-12-01,-0.4388472
27.5,262.5,0.0,2020-12-01,0.33688447
27.5,267.5,0.0,2020-12-01,-0.15578628
27.5,272.5,0.0,2020-12-01,-0.38591692
27.5,277.5,0.0,2020-12-01,-0.67409265
27.5,282.5,0.0,2020-12-01,0.07302081
27.5,287.5,0.0,2020-12-01,0.34047198
27.5,292.5,0.0,2020-12-01,0.59974337
27.5,297.5,0.0,2020-12-01,0.87780046
27.5,302.5,0.0,2020-12-01,0.94310284
27.5,307.5,0.0,2020-12-01,0.9508942
27.5,312.5,0.0,2020-12-01,0.8209086
27.5,317.5,0.0,2020-12-01,0.57136095
27.5,322.5,0.0,2020-12-01,0.3379978
27.5,327.5,0.0,2020-12-01,0.23615004
27.5,332.5,0.0,2020-12-01,0.31142244
27.5,337.5,0.0,2020-12-01,0.36804703
27.5,342.5,0.0,2020-12-01,0.49643278
27.5,347.5,0.0,2020-12-01,0.6714442
27.5,352.5,0.0,2020-12-01,0.84007716
27.5,357.5,0.0,2020-12-01,1.045498
32.5,2.5,0.0,2020-12-01,1.3074566
32.5,7.5,0.0,2020-12-01,1.4704311
32.5,12.5,0.0,2020-12-01,0.8936906
32.5,17.5,0.0,2020-12-01,1.1138139
32.5,22.5,0.0,2020-12-01,1.4283903
32.5,27.5,0.0,2020-12-01,1.5714984
32.5,32.5,0.0,2020-12-01,1.5852597
32.5,37.5,0.0,2020-12-01,2.443036
32.5,42.5,0.0,2020-12-01,2.1171963
32.5,47.5,0.0,2020-12-01,1.0851923
32.5,52.5,0.0,2020-12-01,0.16997889
32.5,57.5,0.0,2020-12-01,-1.1167692
32.5,62.5,0.0,2020-12-01,-1.6318543
32.5,67.5,0.0,2020-12-01,-0.60812056
32.5,72.5,0.0,2020-12-01,-0.00628756
32.5,77.5,0.0,2020-12-01,-0.09950012
32.5,82.5,0.0,2020-12-01,0.86902213
32.5,87.5,0.0,2020-12-01,1.6555492
32.5,92.5,0.0,2020-12-01,2.51705
32.5,97.5,0.0,2020-12-01,2.5633395
32.5,102.5,0.0,2020-12-01,0.44338065
32.5,107.5,0.0,2020-12-01,-0.79142463
32.5,112.5,0.0,2020-12-01,-0.324374
32.5,117.5,0.0,2020-12-01,-0.48641723
32.5,122.5,0.0,2020-12-01,0.4113205
32.5,127.5,0.0,2020-12-01,1.4038231
32.5,132.5,0.0,2020-12-01,1.3761059
32.5,137.5,0.0,2020-12-01,1.089228
32.5,142.5,0.0,2020-12-01,0.9595198
32.5,147.5,0.0,2020-12-01,0.85307103
32.5,152.5,0.0,2020-12-01,0.9771578
32.5,157.5,0.0,2020-12-01,1.0798944
32.5,162.5,0.0,2020-12-01,1.2466043
32.5,167.5,0.0,2020-12-01,1.2110778
32.5,172.5,0.0,2020-12-01,1.0606474
32.5,177.5,0.0,2020-12-01,0.88561714
32.5,182.5,0.0,2020-12-01,0.7173273
32.5,187.5,0.0,2020-12-01,0.7603125
32.5,192.5,0.0,2020-12-01,0.9417683
32.5,197.5,0.0,2020-12-01,1.1501784
32.5,202.5,0.0,2020-12-01,1.3999501
32.5,207.5,0.0,2020-12-01,1.7532618
32.5,212.5,0.0,2020-12-01,1.7849056
32.5,217.5,0.0,2020-12-01,1.4564664
32.5,222.5,0.0,2020-12-01,1.0460614
32.5,227.5,0.0,2020-12-01,0.6592107
32.5,232.5,0.0,2020-12-01,0.3263025
32.5,237.5,0.0,2020-12-01,-0.012042746
32.5,242.5,0.0,2020-12-01,0.13244808
32.5,247.5,0.0,2020-12-01,0.095393255
32.5,252.5,0.0,2020-12-01,-0.2
32.5,257.5,0.0,2020-12-01,0.68
32.5,262.5,0.0,2020-12-01,1.01
32.5,267.5,0.0,2020-12-01,0.34
32.5,272.5,0.0,2020-12-01,-0.52824056
32.5,277.5,0.0,2020-12-01,-0.49013174
32.5,282.5,0.0,2020-12-01,0.4735032
32.5,287.5,0.0,2020-12-01,0.7446245
32.5,292.5,0.0,2020-12-01,0.919501
32.5,297.5,0.0,2020-12-01,1.2482584
32.5,302.5,0.0,2020-12-01,1.371413
32.5,307.5,0.0,2020-12-01,1.4240886
32.5,312.5,0.0,2020-12-01,1.3876362
32.5,317.5,0.0,2020-12-01,1.0285435
32.5,322.5,0.0,2020-12-01,0.71220434
32.5,327.5,0.0,2020-12-01,0.393675
32.5,332.5,0.0,2020-12-01,0.25068855
32.5,337.5,0.0,2020-12-01,0.30398524
32.5,342.5,0.0,2020-12-01,0.34852743
32.5,347.5,0.0,2020-12-01,0.52009916
32.5,352.5,0.0,2020-12-01,0.74324864
32.5,357.5,0.0,2020-12-01,1.1142716
37.5,2.5,0.0,2020-12-01,0.49873132
37.5,7.5,0.0,2020-12-01,0.81209326
37.5,12.5,0.0,2020-12-01,0.9044551
37.5,17.5,0.0,2020-12-01,1.1733828
37.5,22.5,0.0,2020-12-01,1.542895
37.5,27.5,0.0,2020-12-01,2.0694299
37.5,32.5,0.0,2020-12-01,2.5430956
37.5,37.5,0.0,2020-12-01,1.974428
37.5,42.5,0.0,2020-12-01,1.8557514
37.5,47.5,0.0,2020-12-01,0.08242734
37.5,52.5,0.0,2020-12-01,0.6278843
37.5,57.5,0.0,2020-12-01,-4.26741
37.5,62.5,0.0,2020-12-01,-4.538425
37.5,67.5,0.0,2020-12-01,-3.0218909
37.5,72.5,0.0,2020-12-01,-2.1953619
37.5,77.5,0.0,2020-12-01,-0.687693
37.5,82.5,0.0,2020-12-01,-1.5949543
37.5,87.5,0.0,2020-12-01,-1.2035669
37.5,92.5,0.0,2020-12-01,0.24126706
37.5,97.5,0.0,2020-12-01,-0.6952567
37.5,102.5,0.0,2020-12-01,-0.8462836
37.5,107.5,0.0,2020-12-01,-2.312209
37.5,112.5,0.0,2020-12-01,-0.8068811
37.5,117.5,0.0,2020-12-01,-0.5720585
37.5,122.5,0.0,2020-12-01,-0.06768354
37.5,127.5,0.0,2020-12-01,0.49293518
37.5,132.5,0.0,2020-12-01,1.4859022
37.5,137.5,0.0,2020-12-01,1.024417
37.5,142.5,0.0,2020-12-01,0.91802555
37.5,147.5,0.0,2020-12-01,1.0240371
37.5,152.5,0.0,2020-12-01,1.1031694
37.5,157.5,0.0,2020-12-01,1.2637174
37.5,162.5,0.0,2020-12-01,1.7595292
37.5,167.5,0.0,2020-12-01,1.7058933
37.5,172.5,0.0,2020-12-01,1.2668096
37.5,177.5,0.0,2020-12-01,0.71740776
37.5,182.5,0.0,2020-12-01,0.3475952
37.5,187.5,0.0,2020-12-01,0.2637084
37.5,192.5,0.0,2020-12-01,0.42211747
37.5,197.5,0.0,2020-12-01,0.7142603
37.5,202.5,0.0,2020-12-01,1.0963297
37.5,207.5,0.0,2020-12-01,1.535997
37.5,212.5,0.0,2020-12-01,1.8405755
37.5,217.5,0.0,2020-12-01,1.8106185
37.5,222.5,0.0,2020-12-01,1.4735651
37.5,227.5,0.0,2020-12-01,1.0226356
37.5,232.5,0.0,2020-12-01,0.44829583
37.5,237.5,0.0,2020-12-01,0.580241
37.5,242.5,0.0,2020-12-01,1.07
37.5,247.5,0.0,2020-12-01,0.14999998
37.5,252.5,0.0,2020-12-01,0.050000012
37.5,257.5,0.0,2020-12-01,1.03
37.5,262.5,0.0,2020-12-01,2.05
37.5,267.5,0.0,2020-12-01,1.58
37.5,272.5,0.0,2020-12-01,0.62
37.5,277.5,0.0,2020-12-01,-0.029999971
37.5,282.5,0.0,2020-12-01,0.34229797
37.5,287.5,0.0,2020-12-01,1.1563363
37.5,292.5,0.0,2020-12-01,2.049322
37.5,297.5,0.0,2020-12-01,2.8702905
37.5,302.5,0.0,2020-12-01,2.89175
37.5,307.5,0.0,2020-12-01,2.6066484
37.5,312.5,0.0,2020-12-01,2.0299299
37.5,317.5,0.0,2020-12-01,1.2459002
37.5,322.5,0.0,2020-12-01,0.77878565
37.5,327.5,0.0,2020-12-01,0.43898132
37.5,332.5,0.0,2020-12-01,0.21967964
37.5,337.5,0.0,2020-12-01,0.20851427
37.5,342.5,0.0,2020-12-01,0.22693168
37.5,347.5,0.0,2020-12-01,0.32513413
37.5,352.5,0.0,2020-12-01,0.52399457
37.5,357.5,0.0,2020-12-01,0.47357738
42.5,2.5,0.0,2020-12-01,0.36509675
42.5,7.5,0.0,2020-12-01,0.76119226
42.5,12.5,0.0,2020-12-01,1.1657279
42.5,17.5,0.0,2020-12-01,1.7983022
42.5,22.5,0.0,2020-12-01,3.4064386
42.5,27.5,0.0,2020-12-01,2.774866
42.5,32.5,0.0,2020-12-01,2.6158128
42.5,37.5,0.0,2020-12-01,2.3931468
42.5,42.5,0.0,2020-12-01,1.290934
42.5,47.5,0.0,2020-12-01,1.0833377
42.5,52.5,0.0,2020-12-01,0.21691942
42.5,57.5,0.0,2020-12-01,-5.443362
42.5,62.5,0.0,2020-12-01,-5.174691
42.5,67.5,0.0,2020-12-01,-4.2431164
42.5,72.5,0.0,2020-12-01,-3.2037787
42.5,77.5,0.0,2020-12-01,-3.0431545
42.5,82.5,0.0,2020-12-01,-3.379637
42.5,87.5,0.0,2020-12-01,-1.8084033
42.5,92.5,0.0,2020-12-01,-1.4310677
42.5,97.5,0.0,2020-12-01,-2.4650543
42.5,102.5,0.0,2020-12-01,-2.9784017
42.5,107.5,0.0,2020-12-01,-3.1484323
42.5,112.5,0.0,2020-12-01,-4.448387
42.5,117.5,0.0,2020-12-01,-2.8761911
42.5,122.5,0.0,2020-12-01,-0.5329589
42.5,127.5,0.0,2020-12-01,0.3972314
42.5,132.5,0.0,2020-12-01,0.5535493
42.5,137.5,0.0,2020-12-01,0.7847687
42.5,142.5,0.0,2020-12-01,0.3460727
42.5,147.5,0.0,2020-12-01,0.31865868
42.5,152.5,0.0,2020-12-01,0.3976718
42.5,157.5,0.0,2020-12-01,0.6522116
42.5,162.5,0.0,2020-12-01,0.9998114
42.5,167.5,0.0,2020-12-01,0.95855045
42.5,172.5,0.0,2020-12-01,0.70637065
42.5,177.5,0.0,2020-12-01,0.40583894
42.5,182.5,0.0,2020-12-01,0.28574643
42.5,187.5,0.0,2020-12-01,0.18192363
42.5,192.5,0.0,2020-12-01,0.15406264
42.5,197.5,0.0,2020-12-01,0.35713142
42.5,202.5,0.0,2020-12-01,0.9061089
42.5,207.5,0.0,2020-12-01,1.3635887
42.5,212.5,0.0,2020-12-01,1.7007259
42.5,217.5,0.0,2020-12-01,1.8464786
42.5,222.5,0.0,2020-12-01,1.6912217
42.5,227.5,0.0,2020-12-01,1.1804873
42.5,232.5,0.0,2020-12-01,0.53750813
42.5,237.5,0.0,2020-12-01,0.8657161
42.5,242.5,0.0,2020-12-01,0.78
42.5,247.5,0.0,2020-12-01,0.97
42.5,252.5,0.0,2020-12-01,1.71
42.5,257.5,0.0,2020-12-01,3.34
42.5,262.5,0.0,2020-12-01,3.38
42.5,267.5,0.0,2020-12-01,2.85
42.5,272.5,0.0,2020-12-01,1.8082665
42.5,277.5,0.0,2020-12-01,0.8485116
42.5,282.5,0.0,2020-12-01,1.2917442
42.5,287.5,0.0,2020-12-01,1.6963063
42.5,292.5,0.0,2020-12-01,2.3682501
42.5,297.5,0.0,2020-12-01,3.7137165
42.5,302.5,0.0,2020-12-01,4.0621505
42.5,307.5,0.0,2020-12-01,3.439461
42.5,312.5,0.0,2020-12-01,2.4395275
42.5,317.5,0.0,2020-12-01,1.3272367
42.5,322.5,0.0,2020-12-01,0.6279302
42.5,327.5,0.0,2020-12-01,0.25009185
42.5,332.5,0.0,2020-12-01,0.14968258
42.5,337.5,0.0,2020-12-01,0.050588716
42.5,342.5,0.0,2020-12-01,0.1405038
42.5,347.5,0.0,2020-12-01,0.2553155
42.5,352.5,0.0,2020-12-01,0.41996747
42.5,357.5,0.0,2020-12-01,0.48045444
47.5,2.5,0.0,2020-12-01,1.6459669
47.5,7.5,0.0,2020-12-01,1.4100001
47.5,12.5,0.0,2020-12-01,1.557346
47.5,17.5,0.0,2020-12-01,2.3499548
47.5,22.5,0.0,2020-12-01,4.0268736
47.5,27.5,0.0,2020-12-01,2.925785
47.5,32.5,0.0,2020-12-01,1.9107807
47.5,37.5,0.0,2020-12-01,0.7473381
47.5,42.5,0.0,2020-12-01,-1.9888754
47.5,47.5,0.0,2020-12-01,-2.7921479
47.5,52.5,0.0,2020-12-01,-2.5316417
47.5,57.5,0.0,2020-12-01,-4.8076935
47.5,62.5,0.0,2020-12-01,-6.071929
47.5,67.5,0.0,2020-12-01,-6.6083584
47.5,72.5,0.0,2020-12-01,-4.4116035
47.5,77.5,0.0,2020-12-01,-4.464061
47.5,82.5,0.0,2020-12-01,-4.072314
47.5,87.5,0.0,2020-12-01,-2.2086265
47.5,92.5,0.0,2020-12-01,-0.27616787
47.5,97.5,0.0,2020-12-01,-4.023243
47.5,102.5,0.0,2020-12-01,-3.6034138
47.5,107.5,0.0,2020-12-01,-3.4786563
47.5,112.5,0.0,2020-12-01,-2.44357
47.5,117.5,0.0,2020-12-01,-1.7698948
47.5,122.5,0.0,2020-12-01,0.09153101
47.5,127.5,0.0,2020-12-01,0.91449666
47.5,132.5,0.0,2020-12-01,0.88674164
47.5,137.5,0.0,2020-12-01,0.31920874
47.5,142.5,0.0,2020-12-01,-0.14975116
47.5,147.5,0.0,2020-12-01,-0.031131003
47.5,152.5,0.0,2020-12-01,0.12450813
47.5,157.5,0.0,2020-12-01,-0.10087091
47.5,162.5,0.0,2020-12-01,0.021825066
47.5,167.5,0.0,2020-12-01,0.12349075
47.5,172.5,0.0,2020-12-01,0.046431504
47.5,177.5,0.0,2020-12-01,0.084783934
47.5,182.5,0.0,2020-12-01,0.09492522
47.5,187.5,0.0,2020-12-01,0.06880842
47.5,192.5,0.0,2020-12-01,0.10538434
47.5,197.5,0.0,2020-12-01,0.22757861
47.5,202.5,0.0,2020-12-01,0.6489629
47.5,207.5,0.0,2020-12-01,1.0582232
47.5,212.5,0.0,2020-12-01,1.1658087
47.5,217.5,0.0,2020-12-01,1.2171965
47.5,222.5,0.0,2020-12-01,1.2230405
47.5,227.5,0.0,2020-12-01,0.9355438
47.5,232.5,0.0,2020-12-01,0.6147906
47.5,237.5,0.0,2020-12-01,1.3987211
47.5,242.5,0.0,2020-12-01,2.17
47.5,247.5,0.0,2020-12-01,4.09
47.5,252.5,0.0,2020-12-01,5.03
47.5,257.5,0.0,2020-12-01,5.56
47.5,262.5,0.0,2020-12-01,5.55
47.5,267.5,0.0,2020-12-01,3.6179342
47.5,272.5,0.0,2020-12-01,1.3135401
47.5,277.5,0.0,2020-12-01,1.9933695
47.5,282.5,0.0,2020-12-01,3.3600068
47.5,287.5,0.0,2020-12-01,4.29
47.5,292.5,0.0,2020-12-01,4.359448
47.5,297.5,0.0,2020-12-01,1.6544545
47.5,302.5,0.0,2020-12-01,2.0580225
47.5,307.5,0.0,2020-12-01,1.5800804
47.5,312.5,0.0,2020-12-01,0.69637626
47.5,317.5,0.0,2020-12-01,0.2673202
47.5,322.5,0.0,2020-12-01,-0.042550545
47.5,327.5,0.0,2020-12-01,-0.18438816
47.5,332.5,0.0,2020-12-01,-0.14620191
47.5,337.5,0.0,2020-12-01,-0.15891041
47.5,342.5,0.0,2020-12-01,-0.011369671
47.5,347.5,0.0,2020-12-01,0.29960316
47.5,352.5,0.0,2020-12-01,0.55810654
47.5,357.5,0.0,2020-12-01,0.82216537
52.5,2.5,0.0,2020-12-01,1.4703971
52.5,7.5,0.0,2020-12-01,1.7004764
52.5,12.5,0.0,2020-12-01,1.7065183
52.5,17.5,0.0,2020-12-01,2.105124
52.5,22.5,0.0,2020-12-01,2.4361682
52.5,27.5,0.0,2020-12-01,2.2101455
52.5,32.5,0.0,2020-12-01,1.9491444
52.5,37.5,0.0,2020-12-01,0.6433898
52.5,42.5,0.0,2020-12-01,-1.6564178
52.5,47.5,0.0,2020-12-01,-3.9845233
52.5,52.5,0.0,2020-12-01,-3.7357645
52.5,57.5,0.0,2020-12-01,-3.0508897
52.5,62.5,0.0,2020-12-01,-1.830614
52.5,67.5,0.0,2020-12-01,-2.295159
52.5,72.5,0.0,2020-12-01,-2.47584
52.5,77.5,0.0,2020-12-01,-3.079463
52.5,82.5,0.0,2020-12-01,-2.0830579
52.5,87.5,0.0,2020-12-01,-0.63505673
52.5,92.5,0.0,2020-12-01,-0.11490679
52.5,97.5,0.0,2020-12-01,-0.8632243
52.5,102.5,0.0,2020-12-01,-1.6779964
52.5,107.5,0.0,2020-12-01,-0.04884243
52.5,112.5,0.0,2020-12-01,1.2248847
52.5,117.5,0.0,2020-12-01,2.0055995
52.5,122.5,0.0,2020-12-01,0.35638446
52.5,127.5,0.0,2020-12-01,1.5481255
52.5,132.5,0.0,2020-12-01,1.2049308
52.5,137.5,0.0,2020-12-01,0.49414203
52.5,142.5,0.0,2020-12-01,-0.55473894
52.5,147.5,0.0,2020-12-01,-0.07241109
52.5,152.5,0.0,2020-12-01,0.2553341
52.5,157.5,0.0,2020-12-01,-0.14238025
52.5,162.5,0.0,2020-12-01,0.10796245
52.5,167.5,0.0,2020-12-01,0.47261867
52.5,172.5,0.0,2020-12-01,0.25197133
52.5,177.5,0.0,2020-12-01,0.31703433
52.5,182.5,0.0,2020-12-01,0.35224426
52.5,187.5,0.0,2020-12-01,0.15899315
52.5,192.5,0.0,2020-12-01,0.13163608
52.5,197.5,0.0,2020-12-01,0.35264915
52.5,202.5,0.0,2020-12-01,0.4961853
52.5,207.5,0.0,2020-12-01,0.5568269
52.5,212.5,0.0,2020-12-01,0.5886648
52.5,217.5,0.0,2020-12-01,0.61851776
52.5,222.5,0.0,2020-12-01,0.6046986
52.5,227.5,0.0,2020-12-01,0.5936706
52.5,232.5,0.0,2020-12-01,1.7744691
52.5,237.5,0.0,2020-12-01,4.1398125
52.5,242.5,0.0,2020-12-01,3.9299603
52.5,247.5,0.0,2020-12-01,5.14
52.5,252.5,0.0,2020-12-01,4.8400664
52.5,257.5,0.0,2020-12-01,5.559964
52.5,262.5,0.0,2020-12-01,5.5989084
52.5,267.5,0.0,2020-12-01,4.435476
52.5,272.5,0.0,2020-12-01,3.791899
52.5,277.5,0.0,2020-12-01,2.5600877
52.5,282.5,0.0,2020-12-01,3.6434617
52.5,287.5,0.0,2020-12-01,5.4542565
52.5,292.5,0.0,2020-12-01,5.299214
52.5,297.5,0.0,2020-12-01,5.4860864
52.5,302.5,0.0,2020-12-01,2.2005548
52.5,307.5,0.0,2020-12-01,0.37222755
52.5,312.5,0.0,2020-12-01,-0.075372405
52.5,317.5,0.0,2020-12-01,-0.5823017
52.5,322.5,0.0,2020-12-01,-0.46122867
52.5,327.5,0.0,2020-12-01,-0.64195436
52.5,332.5,0.0,2020-12-01,-0.60598445
52.5,337.5,0.0,2020-12-01,-0.34466183
52.5,342.5,0.0,2020-12-01,-0.20126705
52.5,347.5,0.0,2020-12-01,0.0845256
52.5,352.5,0.0,2020-12-01,0.34440726
52.5,357.5,0.0,2020-12-01,0.653162
57.5,2.5,0.0,2020-12-01,1.2844242
57.5,7.5,0.0,2020-12-01,1.738183
57.5,12.5,0.0,2020-12-01,2.4261842
57.5,17.5,0.0,2020-12-01,2.3421175
57.5,22.5,0.0,2020-12-01,2.100604
57.5,27.5,0.0,2020-12-01,2.8300986
57.5,32.5,0.0,2020-12-01,3.2476106
57.5,37.5,0.0,2020-12-01,1.3789039
57.5,42.5,0.0,2020-12-01,-0.5401947
57.5,47.5,0.0,2020-12-01,-0.74081695
57.5,52.5,0.0,2020-12-01,0.22767243
57.5,57.5,0.0,2020-12-01,-1.1166432
57.5,62.5,0.0,2020-12-01,-0.26143935
57.5,67.5,0.0,2020-12-01,-0.25318533
57.5,72.5,0.0,2020-12-01,-0.9726342
57.5,77.5,0.0,2020-12-01,0.3738973
57.5,82.5,0.0,2020-12-01,-0.983633
57.5,87.5,0.0,2020-12-01,-1.8454996
57.5,92.5,0.0,2020-12-01,-2.4636014
57.5,97.5,0.0,2020-12-01,-1.2657818
57.5,102.5,0.0,2020-12-01,-0.23377629
57.5,107.5,0.0,2020-12-01,-0.34131187
57.5,112.5,0.0,2020-12-01,1.0789927
57.5,117.5,0.0,2020-12-01,0.6437597
57.5,122.5,0.0,2020-12-01,1.0346487
57.5,127.5,0.0,2020-12-01,0.7290641
57.5,132.5,0.0,2020-12-01,1.1602111
57.5,137.5,0.0,2020-12-01,-0.7972947
57.5,142.5,0.0,2020-12-01,-0.51940924
57.5,147.5,0.0,2020-12-01,0.2749502
57.5,152.5,0.0,2020-12-01,0.38184184
57.5,157.5,0.0,2020-12-01,0.3936769
57.5,162.5,0.0,2020-12-01,0.27168974
57.5,167.5,0.0,2020-12-01,1.025414
57.5,172.5,0.0,2020-12-01,1.0329716
57.5,177.5,0.0,2020-12-01,0.80659217
57.5,182.5,0.0,2020-12-01,0.65211016
57.5,187.5,0.0,2020-12-01,0.63226986
57.5,192.5,0.0,2020-12-01,0.8301381
57.5,197.5,0.0,2020-12-01,1.1214015
57.5,202.5,0.0,2020-12-01,1.2418951
57.5,207.5,0.0,2020-12-01,0.53359663
57.5,212.5,0.0,2020-12-01,0.1935215
57.5,217.5,0.0,2020-12-01,0.102196686
57.5,222.5,0.0,2020-12-01,0.61331636
57.5,227.5,0.0,2020-12-01,2.1532466
57.5,232.5,0.0,2020-12-01,4.5843687
57.5,237.5,0.0,2020-12-01,5.0455136
57.5,242.5,0.0,2020-12-01,4.7031817
57.5,247.5,0.0,2020-12-01,5.0015216
57.5,252.5,0.0,2020-12-01,4.471481
57.5,257.5,0.0,2020-12-01,2.7050889
57.5,262.5,0.0,2020-12-01,3.289047
57.5,267.5,0.0,2020-12-01,3.21
57.5,272.5,0.0,2020-12-01,
57.5,277.5,0.0,2020-12-01,
57.5,282.5,0.0,2020-12-01,4.63
57.5,287.5,0.0,2020-12-01,5.640106
57.5,292.5,0.0,2020-12-01,4.4408774
57.5,297.5,0.0,2020-12-01,2.7725577
57.5,302.5,0.0,2020-12-01,1.0432364
57.5,307.5,0.0,2020-12-01,0.7679688
57.5,312.5,0.0,2020-12-01,0.24027833
57.5,317.5,0.0,2020-12-01,-0.13719234
57.5,322.5,0.0,2020-12-01,-0.42233267
57.5,327.5,0.0,2020-12-01,-0.49581426
57.5,332.5,0.0,2020-12-01,-0.4739664
57.5,337.5,0.0,2020-12-01,-0.25245658
57.5,342.5,0.0,2020-12-01,-0.21693608
57.5,347.5,0.0,2020-12-01,-0.06313679
57.5,352.5,0.0,2020-12-01,0.3370011
57.5,357.5,0.0,2020-12-01,0.8004175
62.5,2.5,0.0,2020-12-01,1.1485157
62.5,7.5,0.0,2020-12-01,2.0435805
62.5,12.5,0.0,2020-12-01,4.770819
62.5,17.5,0.0,2020-12-01,4.4861593
62.5,22.5,0.0,2020-12-01,2.9519217
62.5,27.5,0.0,2020-12-01,4.59174
62.5,32.5,0.0,2020-12-01,4.378319
62.5,37.5,0.0,2020-12-01,2.6375048
62.5,42.5,0.0,2020-12-01,1.9926589
62.5,47.5,0.0,2020-12-01,1.6870387
62.5,52.5,0.0,2020-12-01,1.0559202
62.5,57.5,0.0,2020-12-01,0.5817447
62.5,62.5,0.0,2020-12-01,2.5719135
62.5,67.5,0.0,2020-12-01,0.2886768
62.5,72.5,0.0,2020-12-01,-0.49015692
62.5,77.5,0.0,2020-12-01,1.091413
62.5,82.5,0.0,2020-12-01,0.102635965
62.5,87.5,0.0,2020-12-01,-1.8004935
62.5,92.5,0.0,2020-12-01,-2.6675787
62.5,97.5,0.0,2020-12-01,-0.71466666
62.5,102.5,0.0,2020-12-01,0.8081868
62.5,107.5,0.0,2020-12-01,0.952579
62.5,112.5,0.0,2020-12-01,0.3704324
62.5,117.5,0.0,2020-12-01,1.1001759
62.5,122.5,0.0,2020-12-01,1.1040474
62.5,127.5,0.0,2020-12-01,-0.95427036
62.5,132.5,0.0,2020-12-01,-0.6747689
62.5,137.5,0.0,2020-12-01,-0.17797099
62.5,142.5,0.0,2020-12-01,-1.258596
62.5,147.5,0.0,2020-12-01,-0.61818373
62.5,152.5,0.0,2020-12-01,0.94976866
62.5,157.5,0.0,2020-12-01,1.1285374
62.5,162.5,0.0,2020-12-01,0.683404
62.5,167.5,0.0,2020-12-01,2.4219642
62.5,172.5,0.0,2020-12-01,2.1968286
62.5,177.5,0.0,2020-12-01,1.5734996
62.5,182.5,0.0,2020-12-01,0.94944394
62.5,187.5,0.0,2020-12-01,1.4313073
62.5,192.5,0.0,2020-12-01,2.32
62.5,197.5,0.0,2020-12-01,1.4093981
62.5,202.5,0.0,2020-12-01,2.9557781
62.5,207.5,0.0,2020-12-01,2.6960514
62.5,212.5,0.0,2020-12-01,2.8123908
62.5,217.5,0.0,2020-12-01,4.077608
62.5,222.5,0.0,2020-12-01,4.6899977
62.5,227.5,0.0,2020-12-01,5.571535
62.5,232.5,0.0,2020-12-01,4.90149
62.5,237.5,0.0,2020-12-01,4.16105
62.5,242.5,0.0,2020-12-01,3.4688008
62.5,247.5,0.0,2020-12-01,5.940414
62.5,252.5,0.0,2020-12-01,1.9769206
62.5,257.5,0.0,2020-12-01,3.0895264
62.5,262.5,0.0,2020-12-01,3.3402092
62.5,267.5,0.0,2020-12-01,4.32
62.5,272.5,0.0,2020-12-01,
62.5,277.5,0.0,2020-12-01,6.26
62.5,282.5,0.0,2020-12-01,7.97
62.5,287.5,0.0,2020-12-01,
62.5,292.5,0.0,2020-12-01,2.9087417
62.5,297.5,0.0,2020-12-01,0.6937445
62.5,302.5,0.0,2020-12-01,1.1544706
62.5,307.5,0.0,2020-12-01,1.3135211
62.5,312.5,0.0,2020-12-01,2.613689
62.5,317.5,0.0,2020-12-01,1.2691453
62.5,322.5,0.0,2020-12-01,0.2659777
62.5,327.5,0.0,2020-12-01,-0.26648167
62.5,332.5,0.0,2020-12-01,-0.34318095
62.5,337.5,0.0,2020-12-01,-0.070642605
62.5,342.5,0.0,2020-12-01,0.0061576366
62.5,347.5,0.0,2020-12-01,0.1781945
62.5,352.5,0.0,2020-12-01,0.5188372
62.5,357.5,0.0,2020-12-01,0.9658093
67.5,2.5,0.0,2020-12-01,1.0940312
67.5,7.5,0.0,2020-12-01,1.1239069
67.5,12.5,0.0,2020-12-01,1.4999843
67.5,17.5,0.0,2020-12-01,4.2229877
67.5,22.5,0.0,2020-12-01,5.6266255
67.5,27.5,0.0,2020-12-01,5.4345117
67.5,32.5,0.0,2020-12-01,3.7789805
67.5,37.5,0.0,2020-12-01,2.1655576
67.5,42.5,0.0,2020-12-01,1.7016709
67.5,47.5,0.0,2020-12-01,1.9869007
67.5,52.5,0.0,2020-12-01,1.7523249
67.5,57.5,0.0,2020-12-01,1.3700085
67.5,62.5,0.0,2020-12-01,1.5641916
67.5,67.5,0.0,2020-12-01,1.8666738
67.5,72.5,0.0,2020-12-01,0.7674533
67.5,77.5,0.0,2020-12-01,1.0721921
67.5,82.5,0.0,2020-12-01,0.8517396
67.5,87.5,0.0,2020-12-01,-1.1924851
67.5,92.5,0.0,2020-12-01,0.7820948
67.5,97.5,0.0,2020-12-01,1.9555076
67.5,102.5,0.0,2020-12-01,2.4796436
67.5,107.5,0.0,2020-12-01,1.2604314
67.5,112.5,0.0,2020-12-01,2.450604
67.5,117.5,0.0,2020-12-01,2.6539586
67.5,122.5,0.0,2020-12-01,1.0529271
67.5,127.5,0.0,2020-12-01,1.3924906
67.5,132.5,0.0,2020-12-01,1.1222535
67.5,137.5,0.0,2020-12-01,0.50646013
67.5,142.5,0.0,2020-12-01,0.6842671
67.5,147.5,0.0,2020-12-01,1.5121471
67.5,152.5,0.0,2020-12-01,0.6022804
67.5,157.5,0.0,2020-12-01,1.50047
67.5,162.5,0.0,2020-12-01,1.8225417
67.5,167.5,0.0,2020-12-01,2.4410622
67.5,172.5,0.0,2020-12-01,3.7999613
67.5,177.5,0.0,2020-12-01,5.4162974
67.5,182.5,0.0,2020-12-01,2.6808138
67.5,187.5,0.0,2020-12-01,
67.5,192.5,0.0,2020-12-01,7.03
67.5,197.5,0.0,2020-12-01,1.8768793
67.5,202.5,0.0,2020-12-01,3.164986
67.5,207.5,0.0,2020-12-01,4.404328
67.5,212.5,0.0,2020-12-01,3.199897
67.5,217.5,0.0,2020-12-01,2.9580495
67.5,222.5,0.0,2020-12-01,2.3376358
67.5,227.5,0.0,2020-12-01,1.6341652
67.5,232.5,0.0,2020-12-01,1.6119039
67.5,237.5,0.0,2020-12-01,2.0230975
67.5,242.5,0.0,2020-12-01,1.929178
67.5,247.5,0.0,2020-12-01,1.524703
67.5,252.5,0.0,2020-12-01,2.4909601
67.5,257.5,0.0,2020-12-01,2.212775
67.5,262.5,0.0,2020-12-01,2.0934188
67.5,267.5,0.0,2020-12-01,3.4505424
67.5,272.5,0.0,2020-12-01,3.95
67.5,277.5,0.0,2020-12-01,7.45
67.5,282.5,0.0,2020-12-01,6.59
67.5,287.5,0.0,2020-12-01,4.156211
67.5,292.5,0.0,2020-12-01,7.05
67.5,297.5,0.0,2020-12-01,5.24
67.5,302.5,0.0,2020-12-01,0.6252658
67.5,307.5,0.0,2020-12-01,2.306576
67.5,312.5,0.0,2020-12-01,4.758922
67.5,317.5,0.0,2020-12-01,1.746772
67.5,322.5,0.0,2020-12-01,1.3354706
67.5,327.5,0.0,2020-12-01,
67.5,332.5,0.0,2020-12-01,
67.5,337.5,0.0,2020-12-01,-0.43893087
67.5,342.5,0.0,2020-12-01,-0.07281762
67.5,347.5,0.0,2020-12-01,0.03409037
67.5,352.5,0.0,2020-12-01,0.32189074
67.5,357.5,0.0,2020-12-01,0.75354195
72.5,2.5,0.0,2020-12-01,0.31831565
72.5,7.5,0.0,2020-12-01,0.5628961
72.5,12.5,0.0,2020-12-01,0.9027097
72.5,17.5,0.0,2020-12-01,1.3880907
72.5,22.5,0.0,2020-12-01,1.0702718
72.5,27.5,0.0,2020-12-01,1.082572
72.5,32.5,0.0,2020-12-01,1.2473619
72.5,37.5,0.0,2020-12-01,1.1211278
72.5,42.5,0.0,2020-12-01,1.3588928
72.5,47.5,0.0,2020-12-01,1.7260474
72.5,52.5,0.0,2020-12-01,1.9581496
72.5,57.5,0.0,2020-12-01,1.455626
72.5,62.5,0.0,2020-12-01,1.2502328
72.5,67.5,0.0,2020-12-01,
72.5,72.5,0.0,2020-12-01,3.17
72.5,77.5,0.0,2020-12-01,
72.5,82.5,0.0,2020-12-01,1.7255892
72.5,87.5,0.0,2020-12-01,3.0504608
72.5,92.5,0.0,2020-12-01,2.328414
72.5,97.5,0.0,2020-12-01,3.8309057
72.5,102.5,0.0,2020-12-01,3.2926037
72.5,107.5,0.0,2020-12-01,3.6976733
72.5,112.5,0.0,2020-12-01,3.6236157
72.5,117.5,0.0,2020-12-01,1.2545226
72.5,122.5,0.0,2020-12-01,1.1516742
72.5,127.5,0.0,2020-12-01,1.0767381
72.5,132.5,0.0,2020-12-01,
72.5,137.5,0.0,2020-12-01,2.98
72.5,142.5,0.0,2020-12-01,
72.5,147.5,0.0,2020-12-01,3.68
72.5,152.5,0.0,2020-12-01,
72.5,157.5,0.0,2020-12-01,
72.5,162.5,0.0,2020-12-01,
72.5,167.5,0.0,2020-12-01,
72.5,172.5,0.0,2020-12-01,
72.5,177.5,0.0,2020-12-01,
72.5,182.5,0.0,2020-12-01,5.65
72.5,187.5,0.0,2020-12-01,
72.5,192.5,0.0,2020-12-01,
72.5,197.5,0.0,2020-12-01,
72.5,202.5,0.0,2020-12-01,3.5
72.5,207.5,0.0,2020-12-01,4.6
72.5,212.5,0.0,2020-12-01,3.63
72.5,217.5,0.0,2020-12-01,2.98
72.5,222.5,0.0,2020-12-01,
72.5,227.5,0.0,2020-12-01,
72.5,232.5,0.0,2020-12-01,2.79
72.5,237.5,0.0,2020-12-01,
72.5,242.5,0.0,2020-12-01,2.93
72.5,247.5,0.0,2020-12-01,
72.5,252.5,0.0,2020-12-01,
72.5,257.5,0.0,2020-12-01,-8.72
72.5,262.5,0.0,2020-12-01,
72.5,267.5,0.0,2020-12-01,5.17
72.5,272.5,0.0,2020-12-01,4.33
72.5,277.5,0.0,2020-12-01,2.892051
72.5,282.5,0.0,2020-12-01,7.04
72.5,287.5,0.0,2020-12-01,
72.5,292.5,0.0,2020-12-01,5.81
72.5,297.5,0.0,2020-12-01,
72.5,302.5,0.0,2020-12-01,1.0203867
72.5,307.5,0.0,2020-12-01,3.7685964
72.5,312.5,0.0,2020-12-01,4.679724
72.5,317.5,0.0,2020-12-01,2.8828268
72.5,322.5,0.0,2020-12-01,1.7695705
72.5,327.5,0.0,2020-12-01,1.229184
72.5,332.5,0.0,2020-12-01,1.0969746
72.5,337.5,0.0,2020-12-01,2.57
72.5,342.5,0.0,2020-12-01,
72.5,347.5,0.0,2020-12-01,-0.16097878
72.5,352.5,0.0,2020-12-01,0.22251794
72.5,357.5,0.0,2020-12-01,0.11726868
77.5,2.5,0.0,2020-12-01,0.30255273
77.5,7.5,0.0,2020-12-01,0.55471176
77.5,12.5,0.0,2020-12-01,1.0960147
77.5,17.5,0.0,2020-12-01,0.71671724
77.5,22.5,0.0,2020-12-01,0.7066085
77.5,27.5,0.0,2020-12-01,0.7476581
77.5,32.5,0.0,2020-12-01,0.7628288
77.5,37.5,0.0,2020-12-01,0.72312266
77.5,42.5,0.0,2020-12-01,0.90839285
77.5,47.5,0.0,2020-12-01,1.1568958
77.5,52.5,0.0,2020-12-01,1.1897517
77.5,57.5,0.0,2020-12-01,1.0467234
77.5,62.5,0.0,2020-12-01,
77.5,67.5,0.0,2020-12-01,
77.5,72.5,0.0,2020-12-01,
77.5,77.5,0.0,2020-12-01,9.48
77.5,82.5,0.0,2020-12-01,
77.5,87.5,0.0,2020-12-01,4.25
77.5,92.5,0.0,2020-12-01,8.84
77.5,97.5,0.0,2020-12-01,
77.5,102.5,0.0,2020-12-01,7.07
77.5,107.5,0.0,2020-12-01,
77.5,112.5,0.0,2020-12-01,
77.5,117.5,0.0,2020-12-01,
77.5,122.5,0.0,2020-12-01,
77.5,127.5,0.0,2020-12-01,
77.5,132.5,0.0,2020-12-01,
77.5,137.5,0.0,2020-12-01,6.82
77.5,142.5,0.0,2020-12-01,
77.5,147.5,0.0,2020-12-01,
77.5,152.5,0.0,2020-12-01,
77.5,157.5,0.0,2020-12-01,
77.5,162.5,0.0,2020-12-01,
77.5,167.5,0.0,2020-12-01,
77.5,172.5,0.0,2020-12-01,
77.5,177.5,0.0,2020-12-01,
77.5,182.5,0.0,2020-12-01,
77.5,187.5,0.0,2020-12-01,
77.5,192.5,0.0,2020-12-01,
77.5,197.5,0.0,2020-12-01,
77.5,202.5,0.0,2020-12-01,
77.5,207.5,0.0,2020-12-01,
77.5,212.5,0.0,2020-12-01,
77.5,217.5,0.0,2020-12-01,
77.5,222.5,0.0,2020-12-01,
77.5,227.5,0.0,2020-12-01,
77.5,232.5,0.0,2020-12-01,
77.5,237.5,0.0,2020-12-01,
77.5,242.5,0.0,2020-12-01,4.68
77.5,247.5,0.0,2020-12-01,
77.5,252.5,0.0,2020-12-01,
77.5,257.5,0.0,2020-12-01,
77.5,262.5,0.0,2020-12-01,
77.5,267.5,0.0,2020-12-01,
77.5,272.5,0.0,2020-12-01,4.41
77.5,277.5,0.0,2020-12-01,6.65
77.5,282.5,0.0,2020-12-01,
77.5,287.5,0.0,2020-12-01,
77.5,292.5,0.0,2020-12-01,4.15
77.5,297.5,0.0,2020-12-01,
77.5,302.5,0.0,2020-12-01,
77.5,307.5,0.0,2020-12-01,
77.5,312.5,0.0,2020-12-01,
77.5,317.5,0.0,2020-12-01,
77.5,322.5,0.0,2020-12-01,
77.5,327.5,0.0,2020-12-01,
77.5,332.5,0.0,2020-12-01,
77.5,337.5,0.0,2020-12-01,
77.5,342.5,0.0,2020-12-01,2.3
77.5,347.5,0.0,2020-12-01,
77.5,352.5,0.0,2020-12-01,
77.5,357.5,0.0,2020-12-01,
82.5,2.5,0.0,2020-12-01,
82.5,7.5,0.0,2020-12-01,
82.5,12.5,0.0,2020-12-01,
82.5,17.5,0.0,2020-12-01,
82.5,22.5,0.0,2020-12-01,
82.5,27.5,0.0,2020-12-01,
82.5,32.5,0.0,2020-12-01,
82.5,37.5,0.0,2020-12-01,
82.5,42.5,0.0,2020-12-01,
82.5,47.5,0.0,2020-12-01,
82.5,52.5,0.0,2020-12-01,
82.5,57.5,0.0,2020-12-01,9.43
82.5,62.5,0.0,2020-12-01,
82.5,67.5,0.0,2020-12-01,
82.5,72.5,0.0,2020-12-01,
82.5,77.5,0.0,2020-12-01,
82.5,82.5,0.0,2020-12-01,
82.5,87.5,0.0,2020-12-01,
82.5,92.5,0.0,2020-12-01,
82.5,97.5,0.0,2020-12-01,
82.5,102.5,0.0,2020-12-01,
82.5,107.5,0.0,2020-12-01,
82.5,112.5,0.0,2020-12-01,
82.5,117.5,0.0,2020-12-01,
82.5,122.5,0.0,2020-12-01,
82.5,127.5,0.0,2020-12-01,
82.5,132.5,0.0,2020-12-01,
82.5,137.5,0.0,2020-12-01,
82.5,142.5,0.0,2020-12-01,
82.5,147.5,0.0,2020-12-01,
82.5,152.5,0.0,2020-12-01,
82.5,157.5,0.0,2020-12-01,
82.5,162.5,0.0,2020-12-01,
82.5,167.5,0.0,2020-12-01,
82.5,172.5,0.0,2020-12-01,
82.5,177.5,0.0,2020-12-01,
82.5,182.5,0.0,2020-12-01,
82.5,187.5,0.0,2020-12-01,
82.5,192.5,0.0,2020-12-01,
82.5,197.5,0.0,2020-12-01,
82.5,202.5,0.0,2020-12-01,
82.5,207.5,0.0,2020-12-01,
82.5,212.5,0.0,2020-12-01,
82.5,217.5,0.0,2020-12-01,
82.5,222.5,0.0,2020-12-01,
82.5,227.5,0.0,2020-12-01,
82.5,232.5,0.0,2020-12-01,
82.5,237.5,0.0,2020-12-01,
82.5,242.5,0.0,2020-12-01,
82.5,247.5,0.0,2020-12-01,
82.5,252.5,0.0,2020-12-01,
82.5,257.5,0.0,2020-12-01,
82.5,262.5,0.0,2020-12-01,
82.5,267.5,0.0,2020-12-01,
82.5,272.5,0.0,2020-12-01,
82.5,277.5,0.0,2020-12-01,
82.5,282.5,0.0,2020-12-01,
82.5,287.5,0.0,2020-12-01,
82.5,292.5,0.0,2020-12-01,
82.5,297.5,0.0,2020-12-01,-0.88
82.5,302.5,0.0,2020-12-01,
82.5,307.5,0.0,2020-12-01,
82.5,312.5,0.0,2020-12-01,
82.5,317.5,0.0,2020-12-01,
82.5,322.5,0.0,2020-12-01,
82.5,327.5,0.0,2020-12-01,
82.5,332.5,0.0,2020-12-01,
82.5,337.5,0.0,2020-12-01,
82.5,342.5,0.0,2020-12-01,1.8
82.5,347.5,0.0,2020-12-01,
82.5,352.5,0.0,2020-12-01,
82.5,357.5,0.0,2020-12-01,
87.5,2.5,0.0,2020-12-01,
87.5,7.5,0.0,2020-12-01,
87.5,12.5,0.0,2020-12-01,
87.5,17.5,0.0,2020-12-01,
87.5,22.5,0.0,2020-12-01,
87.5,27.5,0.0,2020-12-01,
87.5,32.5,0.0,2020-12-01,
87.5,37.5,0.0,2020-12-01,
87.5,42.5,0.0,2020-12-01,
87.5,47.5,0.0,2020-12-01,
87.5,52.5,0.0,2020-12-01,
87.5,57.5,0.0,2020-12-01,
87.5,62.5,0.0,2020-12-01,
87.5,67.5,0.0,2020-12-01,
87.5,72.5,0.0,2020-12-01,
87.5,77.5,0.0,2020-12-01,
87.5,82.5,0.0,2020-12-01,
87.5,87.5,0.0,2020-12-01,
87.5,92.5,0.0,2020-12-01,
87.5,97.5,0.0,2020-12-01,
87.5,102.5,0.0,2020-12-01,
87.5,107.5,0.0,2020-12-01,
87.5,112.5,0.0,2020-12-01,
87.5,117.5,0.0,2020-12-01,
87.5,122.5,0.0,2020-12-01,
87.5,127.5,0.0,2020-12-01,
87.5,132.5,0.0,2020-12-01,
87.5,137.5,0.0,2020-12-01,
87.5,142.5,0.0,2020-12-01,
87.5,147.5,0.0,2020-12-01,
87.5,152.5,0.0,2020-12-01,
87.5,157.5,0.0,2020-12-01,
87.5,162.5,0.0,2020-12-01,
87.5,167.5,0.0,2020-12-01,
87.5,172.5,0.0,2020-12-01,
87.5,177.5,0.0,2020-12-01,
87.5,182.5,0.0,2020-12-01,
87.5,187.5,0.0,2020-12-01,
87.5,192.5,0.0,2020-12-01,
87.5,197.5,0.0,2020-12-01,
87.5,202.5,0.0,2020-12-01,
87.5,207.5,0.0,2020-12-01,
87.5,212.5,0.0,2020-12-01,
87.5,217.5,0.0,2020-12-01,
87.5,222.5,0.0,2020-12-01,
87.5,227.5,0.0,2020-12-01,
87.5,232.5,0.0,2020-12-01,
87.5,237.5,0.0,2020-12-01,
87.5,242.5,0.0,2020-12-01,
87.5,247.5,0.0,2020-12-01,
87.5,252.5,0.0,2020-12-01,
87.5,257.5,0.0,2020-12-01,
87.5,262.5,0.0,2020-12-01,
87.5,267.5,0.0,2020-12-01,
87.5,272.5,0.0,2020-12-01,
87.5,277.5,0.0,2020-12-01,
87.5,282.5,0.0,2020-12-01,
87.5,287.5,0.0,2020-12-01,
87.5,292.5,0.0,2020-12-01,
87.5,297.5,0.0,2020-12-01,
87.5,302.5,0.0,2020-12-01,
87.5,307.5,0.0,2020-12-01,
87.5,312.5,0.0,2020-12-01,
87.5,317.5,0.0,2020-12-01,
87.5,322.5,0.0,2020-12-01,
87.5,327.5,0.0,2020-12-01,
87.5,332.5,0.0,2020-12-01,
87.5,337.5,0.0,2020-12-01,
87.5,342.5,0.0,2020-12-01,
87.5,347.5,0.0,2020-12-01,
87.5,352.5,0.0,2020-12-01,
87.5,357.5,0.0,2020-12-01,
